# Copyright Notice:  Al Jones 2005 - 2013
# License: This file in its original form may be distributed freely.
# This file may be modified for personal use only; any modified version
# of this file may not be distributed or published by any means.

# I'd like to remind you all that FontOrg is a shareware program.
# It takes a considerable amount of time to update it and its asscociated files.
# If you find yourself using it on a regular basis I'd appreciate you tipping
# something into my PayPal Account.  The link to it can be found at FontOrg.us
# Thanks //al

#  Where I havent found a foundry - as a last resort - lets stick
#  it into a folder of the program that created them

by ALLTYPE	_AllType
DTL DataMaster	_DTL Datamaster
with FontDen	_FontDen
FontForge	_FontForge
by FontLab Studio	_Fontlab Studio
FONTLAB30	_Fontlab Studio
FontLab, Ltd	_Fontlab Studio
Altsys Fontographer	_Fontographer
Generated by Fontographer	_Fontographer
Macromedia Fontographer	_Fontographer
by Fontographer	_Fontographer
Generated by Metamorphosis	_Metamorphosis
xpdf	_PDF Extract
buraks.com	_PDF Extract
pdf-x	_PDF Extract
pdf extract	_PDF Extract
PdfGrabber	_PDF Extract
Type-Designer	_Type-Designer
TypeSmith Amiga	_TypeSmith Amiga	# Program
vnedor Foo	_FOO
vendir SWAP	_SWAP
vendor TAKE	_TAKE
<your company>	_Your Company
(your company)	_Your Company

#  These should be obvious everything that looks like freeware

Absolutely Free	_FreeWare
free for a link	_FreeWare
free 4 a link	_FreeWare
free for personal	_FreeWare
free of cost	_FreeWare
For free distribution	_FreeWare
freeware ?for non-commercial	_FreeWare
Free for non?commercial	_FreeWare
Freeware from Alan	_FreeWare
FREEWARE!	_FreeWare
Freeware.	_FreeWare
Freeware Hairy Twat	_FreeWare
Release. Free of Charge	_FreeWare
freeware rlarabie	_FreeWare
freeware - rlarabie	_FreeWare
Share and enjoy	_Freeware
this is a free	_FreeWare
This free font	_FreeWare
FREE/NOT TO	_FreeWare
license gpl	_GNU GPL
GNU General	_GNU GPL
GNU?GPL	_GNU GPL
.0, GPL	_GNU GPL
GPL v2	_GNU GPL
GPL version 2	_GNU GPL

# Now for some problem entires.  While Fanta matches fanta obviously"
# it also matches fantastic etc."
#Fanta	Fanta

# problem fonts which duplicate parts of other fonts, so we move them out of line
ES Fonts	ES Fonts	# Ah Yes Fonts

#  Now for the real working table of foundries
1991 Font collection	1991 Font collection
1992 Font collection	1992 Font collection
1001 Free Fonts	1001 Free Fonts
2rebels	2 Rebels
2TheLeft	2 the Left
2 the left	2 the Left
?22? Soft	22 Software
2D Typo	2D Typo
2ttf Gallery	2TTF Gallery
4th february	4th February
4yeo.com	4YEO
a.c.asano designs	A C Asano Designs
Swimmingpoulp	a la nage
A.M. VanTorre	A M VanTorre
A.P.H. Stuart	A P H Stuart
A&M Records	A&M Records
A2-Type	A2-Type
Aah Yes Fonts	Aah Yes Fonts
aarrgghh! graphics	AARRGGHHH! Graphics
AARRGGHHH! Graphics	AARRGGHHH! Graphics
AARRGGHH!! Graphics	AARRGGHHH! Graphics
ABC Computer	ABC Computer
abcdesign	ABCDesign
aboutype	AbouType
ABSTRACT FONTS	Abstract Fonts
abstract type design	Abstract Type Design
Accademia di Belle Arti di Urbino	Accademia di Belle Arti di Urbino
Ace of Space	Ace of Space
aces?consultants	ACES Consultants
Acme Fonts	Acme Fonts
Acorda Design	Acorda Design
ACT SELECT	ACT Select5
ADDAX DESIGNS	Addax Designs
Adidas AG	Adidas
Adler's Graphics	Adler's Graphics
Admangraphics	Adman Graphics
Admix Designs	Admix Designs
Adnauseum Inc	Adnauseum Inc
Adobe	Adobe
Adore Design	Adore Design
Adrian Williams Design	Adrian Williams Design
adultramblings	Adult Ramblings
Anastacia E. Zittel	Adult Ramblings
ad vance graphic	Advance Graphics
Advanced Projects Limited	Advanced Projects Limited
AdvanceMeants	AdvanceMeants
Advantage Laser Products	Advantage Laser Products
?nigma fonts	Aenigma Fonts
kentpw@norwich.net	Aenigma Fonts
?nigma Productions	Aenigma Productions
??nigma Productions	Aenigma Productions
AeroType	AeroType
Aesthetix Graphic Design	Aesthetix Graphic Design
AFS Ltd	AFS Ltd
AfterGlowType	After Glow Type
AG Baltia	AG Baltia
AG Fonts	AG Fonts
Agfa	Agfa
Bayer Corp	Agfa
Mile Inc	Agfa
Miles Corporation	Agfa
Miles Inc	Agfa
"miles, inc"	Agfa
AGI STUDIOS	AGI Studios
laztemel	AGI Studios
of AGT	AGT
AH SoftFonts	AH Soft Fonts
Aharam Fonts	Aharam Fonts
AI-NET.Corp	AI-NET.Corp
AKAType	AKA Type
Akandis Digital Foundry	Akandis Digital Foundry
Alabala Ltd	Alabala Ltd
Aldus	Aldus
AAFonts International	Alessio Systems
alessio systems	Alessio Systems
AlfaBag	Alfa Bag
Alfadesign Fonts	Alfa Design Fonts
Alfred Smeets	Alfred Smeets
ALGORITHMS. Co.	Algorithms Co
ali fonts	Ali Fonts
Hague/Alias	Alias
Hague / Alias	Alias
Alice Computer	Alice Computer
Alicia Souza	Alicia Souza
All the Horses and All the Men	All the Horses and All the Men
all.the.world	All The World
Allied Corporation	Allied Corporation
Almedia Interactive	Almedia Interactive
AlphaBeck	Alpha Beck
P. A. Vannucci	Alphabet & Type
Alphabet Soup Type	Alphabet Soup Type
Alphabet Synthesis Machine	Alphabet Synthesis Machine
Alphabets?Inc	Alphabets Inc
Alphabets? Inc	Alphabets Inc
AlphaOmega Typography	AlphaOmega Typography	# Adobe
Alphyn Press	Alphyn Press
Altek Instruments	Altek Instruments
by Altemus	Altemus Creations
altemus creat	Altemus Creations
Altered Ego Fonts	Altered Ego Fonts
alternika	Alternika Fonts
AltSys QA	AltSys QA
Amadeus Information Systems	Amadeus Information Systems
AmenTypes	AmenTypes
American Greetings Corporation	American Greetings Corporation
American Mathematical Society	American Mathematical Society
American Philological Association	American Philological Association
American Printing House	American Printing House for the Blind
Amgad	AMGAD (arabic)
AmGrfax	Amgrfax
Amoeba	Amoeba
Ampersand Digital Foundry	Ampersand Digital Foundry
Amuse Designz	Amuse Designz
an creon productions	An Creon Productions
Anchor Fonts	Anchor Fonts
AnElektrumPress	An Elektrum Press
Ananda Computers	Ananda Computers
Andersen Agency	Andersen Agency
Andinistas	Andinistas
AndrijType	AndrijType
AngelFires	Angel Fires
Angryblue	Angryblue
Aniland Corp	Aniland Corporation
ANIM8 Inc	Anim8 Inc
soho/lofts/6360	Ank Fonts
Anke-Art	Anke Art
Annie Lang	Annie Things Possible
Annie Things Possible	Annie Things Possible
(c) Anon	Anon
AnonyFonts	Anony Fonts
Anonymous Fonts	Anonymous Fonts
Ant & Bee Creative Design	Ant & Bee Creative Design
Ant Font	Ant Font
Antifa Publishing	Antifa Publishing
antipixel	antipixel
Anton Koovit	Anton Koovit
APCOM Ltd	APCOM Ltd
APL2000	APL2000
Apollo Program	Apollo Program
Apollonia WebWorks	Apollonia Web Works
apostrofe@mail	Apostrophic Laboratories
Apostrofix	Apostrophic Laboratories
Apostrophe	Apostrophic Laboratories
Apostrophic	Apostrophic Laboratories
Apple Computer	Apple Computer
Applied Graphic Arts	Applied Graphic Arts
Applied Graphics Ltd	Applied Graphic Ltd
Apligraph	Applied Graphic Ltd
App?igraph	Applied Graphic Ltd
APPL?GRAPH	Applied Graphic Ltd
Applgraph	Applied Graphic Ltd
Appligrah	Applied Graphic Ltd
Appligraph	Applied Graphic Ltd
Appliraph	Applied Graphic Ltd
Applied Image Technology	Applied Image Technology
Apply Design Group	Apply Design Group
APPLY/A.	Apply Design Group
AprilSkies	April Skies
Apropo Creations	Apropos Creations
Apropos Creations	Apropos Creations
APT SOLUTIONS	APT Solutions
AquaToad Design	Aqua Toad Design
Arabeyes.org	Arab Eyes
Arabesque Imagery	Arabesque Imagery
arabian company	Arabian Company
Arabic Dictionary Lab	Arabic Dictionary Lab
Arabization and Software	Arabization and Software Center
Arc Media	Arc Media
Arcmedia.com	Arc Media
Arcade Fonts	Arcade Fonts
by Archive Type	Archive Type
(c) archive type	Archive Type
Ares Software	Ares Software
Aridi Computer Graphics	Aridi Computer Graphics
Arkandis Digital Foundry	Arkandis Digital Foundry
Armenian Computer Center	Armenian Computer Center
Arphic Technology	Arphic Technology
ARRF Designs	ARRF Designs
Arriola Azpiazu	Arriola Azpiazu
ARROYO-STYLE	Arroyo Style
ARS Designs	ARS Designs
199? ARS Type	ARS Designs
ARS Type?	ARS Designs
Arsenal	Arsenal
W.Chufarofsky	Arsenal
M.Slutsker	Arsenal
Art&Sign	Art & Sign Studio
signfonts.com	Art & Sign Studio
ArtINeed	Art I Need
Art. Lebedev Studio	Art Lebedev Studio
Art Parts	Art Parts
Artquake	Art Quake
Artech Studios	Artech Studios
Artful Bodger	Artful Bodger
ArtieIII	Artie III
Artist Development Associates	Artist Development Associates
Arts & Letters Corporation	Arts & Letters Corporation
ArtSoft? Ltd.	ArtSoft Ltd
ArstyLady	Artsy Lady
Artsy Lady	Artsy Lady
Aruban Font	Aruban Font Foundry
Arutyun Kiremidzhyan	Arutyun Kiremidzhyan
Arzo Electronics	Arzo Electronics
?sa Gilbertsons Web-Design	Asa Gilbertsons Web Design
gilbertson?s web-design	Asa Gilbertsons Web Design
Ascender Corporation	Ascender Corporation
Ascon	Ascon
Ashurbanipal Software	Ashurbanipal Software
AsiaSoft Co	AsiaSoft
AsiaType	AsiaSoft
AspenFont	Aspen Font
AIMWell	Association for Insight Meditation
association for insight	Association for Insight Meditation
aoeti	Astigmatic One Eye
astigmatic	Astigmatic One Eye
Astigmatic One Eye	Astigmatic One Eye
Cav Op Studios	Astigmatic One Eye
AstroAcademia Font Foundry	AstroAcademia Font Foundry
Astrolars	Astrolars
Andreas Seidel	astype
Asymetrix	Asymetrix
Atammarg	Atammarg
ATech Software	ATech Software
Atelier t?lescopique	Atelier Telescopique
Atomic Media	Atomic Media
atomicmedia	Atomic Media
Atomix Productions	Atomix Productions
antrax	Atrax
Atrax	Atrax
Copyright ATRI	ATRI
Atrophy. Phonts	Atrophy Phonts
atrophy.phonts.1999.recife.duh	Atrophy Phonts
Attention Earthling	Attention Earthling
Attica Cybernetics	Attica Cybernetics
"ATTIT.U.DE, INC."	Attitude Incorporated
attitude inc	Attitude Incorporated
"ATTITUDE, INC"	Attitude Incorporated
ATTITUDEINC	Attitude Incorporated
(C) AType	AType
by AType	AType
of AType	AType
Audio Electric Systems	Audio Electric Systems
Auras Design	Auras Design
Austin Six	Austin Six
Australian Type Foundry	Australian Type Foundry
Autobahn	Autobahn
AutoDesk	AutoDesk
AutoFont USA	AutoFont USA
Automatic Control Equipments	Automatic Control Equipments
AutoREALM	AutoREALM
Autumn Leaves	Autumn Leaves
AutumnLeaves	Autumn Leaves
AvantGarde Softwares	AvantGarde Softwares
Aviation Partners	Aviation Partners
aviette s. a.	Aviette Software
aviette s. a. software	Aviette Software
AwesomeClipartforKids	Awesome Clipart for Kids
Axel Pfaender	Axel Pfaender
Aye En Kae Fonts	Aye En Kae Fonts
azbooky press	Azbooky Press
AzBuki press	AzBuki Press
B & E Software	B & E Software
B & P Graphics	B & P Graphics
b&o historical society	B&O Historical Society
b&o railroad historical society	B&O Historical Society
B&P Foundry	B&P Foundry
B. W. P	B.W.P.
B.W.P.	B.W.P.
B513DS!GN	B513DS!GN
Bob Alonso	BA Graphics
Babendreyer	Babendreyer
babylon schrift	Babylon Schrift
BackRoom	Back Room
badlookingfonts	Bad Looking Fonts
Bafio	Bafio
Bagel and Co	Bagel and Co
Bagel&Co	Bagel and Co
Bajo La Luna Producciones	Bajo La Luna Producciones
BaKoMa Fonts Collection	BaKoMa Fonts Collection
Ball State Univ	Ball State Univ
Bambootypes	Bambootypes
Bandersnatch	Bandersnatch
BANTARFESTiVAL	Bantar Festival
BarClaey International	Bar Claey International
Barmee	Barmee
Baron's Font Sugar Shack	Baron's Font Sugar Shack
Barrakuda	Barrakuda
Barrier	Barrier
baseline font	Baseline Font Foundry
Basem	Basem
bauhaus inc	Bauhaus Inc
Bay Animation	Bay Animation
bayou software	Bayou Software
Bazhen Yurchenko	Bazhen Yurchenko
BCD/MFA	BCD-MFA
BePushed	Be Pushed
Bethepeople	Be The People
Bear Rock Software	Bear Rock Technologies
Bear Rock Technologies	Bear Rock Technologies
Beast Inside Arts	Beast Inside Arts
Bedoodle	Bedoodle
BEEFONT ? FREEWARE	Bee Font
BeeLine	Bee Line
bee-line	Bee Line
Beetles & DryFish	Beetles & Dry Fish Font Design
BehindTheSun	Behind The Sun
Beni Systems	Beni Systems
Benjamin Graphics	Benjamin Graphics
BePushed	BePushed
Bergsland Design	Bergsland Design
Berkeley Fonts	Berkeley Fonts
Berkeley Systems	Berkeley Systems
BERLEX fonts	Berlex Fonts
of Berthold	Berthold
H. Berthold	Berthold
H. BERTHOLD AG	Berthold
Berthold LLC	Berthold
BetaTestFonts	Beta Test Fonts
BetaType	Beta Type
BethC1952	Beth C1952
BEUAH	Beuah
Beus	Beus
Beyond Design	Beyond Design
"copyright by BfdS, Hannover"	BFDS
Bhaktivedanta Book Trust	Bhaktivedanta Book Trust
Michael S.copy	Bible Works
BibleWorks	Bible Works
Bibliographisches Institut	Bibliographisches Institut
BigMisterC	Big Mister C
BigToeDesigns	Big Toe Designs
BigTop Productions	Big Top Productions
Bigelow & Holmes	Bigelow & Holmes
bigelow &holmes	Bigelow & Holmes
BillyBear4Kids	Billy Bear 4 Kids
BIndustries Heavy Metal	BIndustries Heavy Metal
bionic type	Bionic Type
Birdy	Birdy
BitMapMania	Bit Map Mania
BitStream	Bitstream
BK Free Fonts	BK Free Fonts
Black Dog Studios	Black Dog Studios
Black Mantis Operations	Black Mantis Operations
Blackman Concepts	Blackman Concepts
blambot	BlamBot Fonts
BleuTuna	Bleu Tuna
BLM NARSC	BLM NARSC
Blu Creative Media	Blu Creative Media
TheBlueJoker	Blue Joker
Benoit 'BlueRats' Desprez	Blue Rats
Benoit DESPREZ	Blue Rats
bluerats	Blue Rats
les rats bleus	Blue Rats
Les Rats Blue	Blue Rats
Blue Room FontWorks	Blue Room Font Works
Blue Vinyl Fonts	Blue Vinyl Fonts
bluevinyl	Blue Vinyl Fonts
BV Fonts	Blue Vinyl Fonts
bvfonts.com	Blue Vinyl Fonts
Jess Latham	Blue Vinyl Fonts
Blue Jay Font Studio	Bluejay Font Studio
bluejay font studio	Bluejay Font Studio
BluHead Studio	BluHead Studio
Boba Fonts	Boba Fonts
Bodhi-Creations	Bodhi Creations
bold ?design	Bold Design
Bold Monday	Bold Monday
Bolt Cutter Design	Bolt Cutter Design
BoltCutterDesign	Bolt Cutter Design
BoltonBros	Bolton Bros
BombHaus Digital Foundry	BombHaus Digital Foundry
Bomparte?s Fonts	Bomparte's Fonts
Bonneville Electronics	Bonneville Electronics
Boogie Jack	Boogie Jack
Boomerang Software	Boomerang Software
Borna Rayaneh	Borna Rayaneh Co
Bosskete	Bosskete
Bou Fonts	Bou Fonts
Boutros International	Boutros International
Bpg?infotech	BPG InfoTech
BPG? InfoTech Co	BPG InfoTech
Bradley Productions	Bradley Productions
B-Rain	B-Rain
Brain Eaters	Brain Eaters Font Company
BrainEaters.com	Brain Eaters Font Company
Brain Stew  Fonts	Brain Stew Fonts
Brain Stew Fonts	Brain Stew Fonts
brass design	Brass Fonts
/b     r    a   s  S	Brass Fonts
BRASS_FONTS	Brass Fonts
Brendel Informat	Brendel Informatik
BridgeCo	Bridge Co
BRIDGE INC	Bridge Inc
Bright Ideas	Bright Ideas
software of the month club	Bright Ideas
The Bright Side	Bright Side
British Airways	British Airways
British Telecommunications	British Telecommunications
Br?derbund Software	Broderbund Software
BrokenOutlet	Broken Outlet
Brother Industries	Brother Industries
Brownfox	Brownfox
Browny	Browny
Gustavo Lassala	BRType
Bruges Scriptorium	Bruges Scriptorium
B u d d h a   G r a p h i x	Buddha Graphix
Buddha Graphix	Buddha Graphix
Bulka	Bulka
Bumbayo	Bumbayo Font Fabrik
Burger King Corporation	Burger King Corporation
burghal design	Burghal Deign
burner font	Burner Font
Bureau Destruct	Buro Destruct
b?ro destruct	Buro Destruct
bro destruct	Buro Destruct
buro destruct	Buro Destruct
H1reber	Buro Destruct
Heiwid:buro	Buro Destruct
Lopetz	Buro Destruct
Peter Korsman	Buro Destruct
TypeDifferent	Buro Destruct
Burritos do Brasil	Burritos do Brasil
ButtFaces	Butt Faces
B/W Fontworks	BW Fontworks
BX Fonts	BX Fonts
by KEIY	By KEIY
Byte-Sized Computing	Byte Sized Computing
C-DIT@CLT	Center for Linguistic Computing
c.a. paveglio	CA Paveglio
Cadgraf Computers	Cadgraf Computers
cafe design	Cafe Design
CAIL Systems	CAIL Systems
cal arts	Calarts
CalArts	Calarts
California ClipArt	California ClipArt
California Cosmo	California Cosmo
callahan@2street.com	Callahan Street
CalliFonts	CalliFonts
Calligraphics	Calligraphics
calmius software	Calmius Software
Cambodian Software Dev	Cambodian Software Development
Cambridge FontWorks	Cambridge Font Works
Canada Type	Canada Type
CandeeKis	Candee Kiss
CandyFingers	Candy Fingers
candy machine	Candy Machine
Candyhouse	Candyhouse
Cannibal Fonts	Cannibal Fonts
Canon Computer Systems	Canon Computer Systems
canon ltd	Canon Ltd
Canonical Ltd	Canonical Ltd
Cantax	Cantax
CAPCOM	CAPCOM
Cape?Arcona	Cape Arcona Type Foundry
Capsule Machine	Capsule Machine
Carbello	Carbello
Care Typography	Care Typography
Carichini	Carichini
Carini Type Foundry	Carini Type Foundry
Carpe Saponem Fonts	Carpe Saponem Fonts
CarpeSaponem Fonts	Carpe Saponem Fonts
Carpenter Type	Carpenter Type
carrie fairy	Carrie Fairy
Carter & Cone Type	Carter & Cone Type
Carter&ConeTypeInc	Carter & Cone Type
Typeface ? Cartoons	Cartoons
CAS Trading House	CAS Trading House
Casa 199?	Casa
Casady & Greene	Casady & Greene
PJ Cassel Designs	Cassel Designs
CastCraft	CastCraft Software
Castle Systems	Castle Systems
castletype	Castle Type
CAt_HOUSE	Cat House
Catapult Entertainment	Catapult Entertainment
CBOT	CBOT
CC Font ManipSysteme	CC Font ManipSystems
CC Font ManipSystems	CC Font ManipSystems
CC Greetings	CC Greetings
CCW Weischer	CCW Weischer
C-DIT	C-DIT
cdexpert	CDExpert Software
C-E Communications	CE Communications
Celtic-Faery	Celtic Faery
Cemtlo	Cemtlo
Center for Sutton Movement Writing	Center for Sutton Movement Writing
Centre for Computer-Aided Egyptological Research	Centre for Computer Aided Egyptological Research
CENTRIC STUDIOS	Centric Studios
CERIS Ltd	CERIS Ltd
Ceviz. Net	Ceviz Net
Ceviz.Net	Ceviz Net
199? CH Fonts	CH Fonts
#CH Fonts	CH Fonts
chainreact media	Chainreact Media
Chameleon Graphics	Chameleon Graphics
Changzhou SinoType	Changzhou SinoType
Cake Publications	Chank
Chank	Chank
Exploding	Chank
Schmoppyright	Chank
Schmopyright	Chank
Channel Zero	Channel Zero
Chaos Fonts	Chaos Fonts
chaos inc	Chaos Inc
ChaosMedia	Chaos Media
Chaos Microsystems	Chaos Microsystems
Characters Font Foundry	Characters Font Foundry
© Character	Characters Font Foundry
©Character	Characters Font Foundry
#? Characte	Characters Font Foundry
(c) Character	Characters Font Foundry
/c/ character	Characters Font Foundry
by Character	Characters Font Foundry
Charlie Brown Design	Charlie Brown Design
chatterbox	Chatter Box
CheapChicks	Cheap Chicks
CheapSkateFonts	Cheap Skate Fonts
Cheap Thrills	Cheap Thrills
CheapProFonts	CheapProFonts
Chego	Chego
Cheops Communications	Cheops Fonts
Cheops Fonts	Cheops Fonts
web.idirect.com	Cheops Fonts
CherryLane Designs	CherryLane Designs
ChessBase	Chess Base
chester copr	Chester Copr
Chetona Software Cafe	Chetona Software Cafe
Chevalier Gris Digital Foundry	Chevalier Gris Digital Foundry
Chichester Historical Society	Chichester Historical Society
ChildBook	Child Book
China Kommission	China Kommission
ChipHead	Chip Head
Chiwa	Chiwa
CHK Design	CHK Design
chkdesign ltd	CHK Design
christian k?sters	CHK Design
christian ksters	CHK Design
Chlorine Corp	Chlorine Corp
Christian Theo Boer	Christian Theo Boer
Christian Creations	Christian Creations
www.cHristopdesign	cHristopdesign
Church Of The SubGenius	Church Of The Sub Genius
cihpargraphic	Cihpargraphic
Circa Studios	Circa Studios
Cirilicna	Cirilicna
JLR -- CK Corners	CK Corners
ckrule@geocities	CK Rule
Classic Font Company	Classic Font Company
Classic Font Corporation	Classic Font Corporation
ClassicFontCorporation	Classic Font Corporation
Classical Mongolian	Classical Mongolian
Clearlight	ClearLight Fonts
CloneFonts	Clone Fonts
CLOPS	Clops
close fonts	Close Fonts
closeFonts	Close Fonts
club twenty?one	Club Twenty One
Club Tweny-One	Club Twenty One
clysmic software	Clysmic Software
CMFonts	CM Fonts
Generated by CML	CML Newbombay
Co & Co	Co & Co
Co+Co	Co & Co
I2f/Coba	Coba
Cocijotype	Cocijotype
Cock-a-Doodle Design	Cock-a-Doodle Design
Coda Music Technology	Coda Music Technology
codeman38	Codeman
Cognition Corp	Cognition Corp
Coin??Toss Productions	Coin Toss Productions
Coin?Toss Productions	Coin Toss Productions
Coktel	Coktel
Colored Eye Graphics	Colored Eye Graphics
Columbia University	Columbia University
Comandozeta	Comandozeta
Comania Design	Comania Design
Come Unbound Typehouse	Come Unbound Typehouse
ComicBabies	Comic Babies
Active Images	Comicraft
Comicraft	Comicraft
Commodore Business Machines	Commodore Business Machines
Communications Shop	Communications Shop
Communicative Arts	Communicative Arts	# Adobe
Comprex	Comprex
Compton's NewMedia	Compton's NewMedia
CompuFont Ltd	CompuFont Ltd
CompuGraphic Corporation	CompuGraphic Corporation
Computer and Technologie	Computer and Technologie
Computer Application Specialties	Computer Application Specialties
Computer Curriculum Corporation	Computer Curriculum Corporation
Computer Logic R&D	Computer Logic R&D
Computer Safari	Computer Safari
Computer Solutions	Computer Solutions
Computer S?pport Corp	Computer Support Corporation
Computer Village	Computer Village
CompuWorks	CompuWorks
Conexion	Conexion
Coniglio Communications	Coniglio
CONIGLIO USA	Coniglio
Connie's Creations	Connie's Creations
ConstantinMedia	Constantin Media
ConversionsPlus	Conversions Plus Software
#Cool?Fonts	Cool Fonts
Coptic Font Standard	Coptic Font Standard Project
coptic standard project	Coptic Font Standard Project
Copyright of NoOne	Copyright Of No One
Corazon Web Design	Corazon Web Design
Corel Corporation	Corel Corporation
Corel Systems	Corel Systems
Corianton	Corianton
Cortex Software	Cortex Software
199? COSMI	COSMI
Cosmic-Cosmos	Cosmic Cosmos
CosmicGraphics	Cosmic Graphics
Cosmo Soft	Cosmo Soft
Cosmonaut Fonts	Cosmonaut Fonts
Cosmorama Enterprises	Cosmorama Enterprises
Cossack	Cossack
Cottage Graphics	Cottage Graphics
C o w a n   D e s i g n	Cowan Design
Cowan Design Associates	Cowan Design
CozyFonts	Cozy Fonts
CPPP	CPPP
Crack-A-Jack Studios	Crack-A-Jack Studios
Craftopia	Craftopia
Cranbrook Design	Cranbrook Design
CrankEmOut	Crank Em Out
Crazy Diamond Design	Crazy Diamond Design
Create Mind Co	Create Mind Co
Create Soft Collection	Create Soft Collection
Createk Ltd	Createk Ltd
Creating Keepsakes	Creating Keepsakes
CK Media	Creating KeepSakes
creaking keepsakes	Creating KeepSakes
creative commons	Creative Commons
creative software designs	Creative Software Designs
creative type & graphics	Creative Type & Graphics
www.crg.cl	CRG Marketing
Action King	Crime Design
Critzler	Critzler
Cross Colours	Cross Colours
CRULP	CRULP
CSP BackGrounds	CSP Backgrounds
Cumberland Games	Cumberland Games & Diversions
Cumberlandgames	Cumberland Games & Diversions
Curium Design	Curium Design
cut@home	Cut At Home
Cutie Pi	Cutie Pi
CuttleFish Fonts	CuttleFish Fonts
Typeface ? CuttyFruty	CuttyFruty
cwTeX Developement	cwTeX Developement
CybaPee	CybaPee Creations
Cyberbuny Creations	Cyberbuny Creations
Cyberotica	Cyberotica
CyberScape MultiMedia	CyberScape MultiMedia
Cyclone Graphix	Cyclone Graphix
cyclonegraphix	Cyclone Graphix
Cyreal.org	Cyreal.org
#D & R!!	D & R
D-Studio	D Studio
Da Font Mafia	Da Font Mafia
www.daaams.fr.st	daaams.fr
Dainippon Screen Mfg	Dainippon Screen Mfg. Co.
Dainippon Typo Association	Dainippon Typo Association
Dalat Technique	Dalat Technique
daltonmaag	Dalton Maag Limited
Dalton Maag	Dalton Maag Limited
Damedame Corporation	Damedame Corporation
Danish Type Designers	Danish Type Designers
Darden Studio	Darden Studio
darden.com	Darden Studio
Joshua Darden	Darden Studio
DarkAngelGenesis	Dark Angel Genesis
DarkSunMoonProductions	Dark Sun Moon Productions
Darklight Systems	Darklight Systems
DASH Software	DASH Software
Dasklem	Dasklem
Data Becker	Data Becker
Data Blocks	Data Blocks
DataCal Software	Data Cal Software
Data-Cal Software	Data Cal Software
Datacopr	Data Copr
Datalook	Datalook
Dataman Barcode	Dataman Barcode
Datecs Ltd	Datecs Ltd
David Occhino Design	David Occhino Design
David Thometz Design	David Thometz Design
Davka Corp	Davka Corporation
Dazzling Designs	Dazzling Designs
dazzlingdesigns	Dazzling Designs
DCSI	DCSI
dCTRL	dCTRL
Copyright 199? DD3	DD3
DDI Design	DDI Design
De Nada Industries	De Nada Industries
de-structure	De Structure
Dead Man Fonts	Dead Man Fonts
Dear Alison Font	Dear Alison Fonts
Dear Book Co	Dear Book Co
Dearborn Ornaments Copr	Dearborn Ornaments
DEATH?HAND	Death Hand Graphics
Deathrockstar	DeathRockStar
DeFaced Fonts	DeFaced Fonts
defaulterror	DefaultError
Deffeyes Design	Deffeyes Design
DEGA ?Systems	DEGA Systems
DeLuxe.Font	Deluxe Font
delve media arts	Delve Media Arts
DemaSoft	Dema Soft
Demo Company	Demo Company
demo.com.hk	Demo Company
DemonHill Font Factory	Demonhill Font Factory
demonhill font works	Demonhill Font Factory
Demonhill FontFactory	Demonhill Font Factory
DemonhillFontFactory	Demonhill Font Factory
Denenchofu Design	Denenchofu Design
Deniart Systems	Deniart Systems
Deniz Elektronik Lab	Deniz Elektronik Lab
DentaGraphics	Denta Graphics
Design 76 Type	Design 76 Type
Design Bureau	Design Bureau
Design Conspiracy	Design Conspiracy
design difference	Design Difference
designsalon	Design Salon
Design Science	Design Science
Crea  ion	Design Studio Creation
Design s??udio Crea??ion	Design Studio Creation
Design studio Creation	Design Studio Creation
Designstudios	Design Studios
DesignByLime	DesignByLime
Design By Lime	DesignByLime
Designershock	Designer Shock
Designings	Designings
by Desiree	Desiree
Destiny's Lady	Destiny's Lady
Detlef Reimers	Detlef Reimers
Deutsche Bahn AG	Deutsche Bahn AG
Device font	Device Fonts
rian Hughes	Device Fonts
Dewitt Anthony Inc	Dewitt Anthony Inc
Dezyne	Dezyne
DF667 Font Foundry	DF667 Font Foundry
Diagnostik Foundation	Diagnostik Foundation
diagram_attacks	Diagram Attacks
Diaulo Graphics	Diaulo Graphics
Dick Pape	Dick Pape
Digitized by TTD	Dick Pape
Digitized by TDD	Dick Pape
Die Gestalten Verlag	Die Gestalten Verlag
die Typonauten	die Typonauten
Diehl.Volk Typographics	Diehl Volk Typographics
Dieznyik	Dieznyik
Digidea Studio	Digidea Studio
DIGIGA	Digiga
Digital Architect Software Company	Digital Architect Software Company
Digital Attitudes	Digital Attitudes
Digital Dog Graphics	Digital Dog Graphics
Digital Download	Digital Download
DigitalDreamDesign	Digital Dream Design
Digital Empires	Digital Empires
Digital Equipment Corp	Digital Equipment Corp
Digital Font Labs	Digital Font Labs
Digital Graphic Labs	Digital Graphic Labs
Digital Ink	Digital Ink
Digital Oasis	Digital Oasis
Ersenak Xtreme	Digital Perfection
DigitalPionoese	Digital Pionoese
digital pr8	Digital PR8
Digital Quill Foundry	Digital Quill Foundry
Digital Research	Digital Research
dsplace.com	Digital Scrapbook Place
by Digital Type	Digital Type
199? Digital Type Foundry	Digital Type Foundry
200? Digital Type Foundry	Digital Type Foundry
digital type hamburg	Digital Type Hamburg
Digital Typeface Corp	Digital TypeFace Corporation
Digital Typography	Digital Typography
Digital Works Upside K	Digital Works Upside K
Digiteyes Multimedia	Digiteyes Multimedia
Dilworth Typographics	Dilworth Typographics
DiNaMiT? On-LiNe	DiNaMiT
DincType	Dinc Type
girlswhowearglasses.com	Dinc Type
DingBatCave	Dingbat Cave
DingBatHeaven	Dingbat Heaven
Dingbats-UK	Dingbats UK
DingBrats	DingBrats
dino art	Dino Art
DINOtype	Dinotype
Dirt2.com	Dirt2.com
1992 distant	Distant
Matt Petty	Disturbed
Matthew Austin Petty	Disturbed
Mattthew Austin Petty	Disturbed
www.disturbed.com	Disturbed
Divide by Zero	Divide by Zero
(c)Diwan	Diwan Software Ltd
Diwan Science and 	Diwan Software Ltd
Diwan Software Ltd	Diwan Software Ltd
Dixie's Delights	Dixie's Delights
Dizzinz	Dizzinz Studio
DJMonkeyBoy	DJ Monkey Boy
Dmitry Prosvirnin Lab	Dmitry Prosvirnin Lab
dnf fonts	DNF Fonts
DobiType	Dobi Type
DogStar	Dog Star
Doma & Paradius	Doma & Paradius
DooleyType	Dooley Type
Jeremy Dooley	Dooley Type
Dotspot Graphics	Dotspot Graphics
double alex	Double Alex Font Studio
DoubleAlex	Double Alex Font Studio
doubletwo studios	doubletwo studios
Dan X. Solo	Dover Publication
#Dover Public	Dover Type Foundry
Dover Type Foundry	Dover Type Foundry
Dow Jones & Company	Dow Jones & Company
DownHill Fonts	DownHill Fonts
draftlight	Draftlight Band Foundry
dragon design	Dragon Design
DragonFang Fonts	Dragon Fang Fonts
Dragon's Den Type	Dragon's Den Type Foundry
DragynWulf Productions	Dragynwulf Productions
Dramatic Exotic Forever	Dramatic Exotic Forever
Dreadful Productions	Dreadful Productions
DreamFonts	Dream Fonts
Dream Pool	Dream Pool
DriftType	Drift Type
Drop Design	Drop Design
Drutten & Krokodilen	Drutten & Krokodilen Company
ds design	DS design
D's Fonts	D's Fonts
DSType	DSType
dsg4.com	dsg4.com
#dtl datamaster	DTL Datamaster	generation program for dutch type library
DTP-Software	DTP Software
©DTP LTD	DTP LTD
DTP Types	DTP Types
dtptypes	DTP Types
Dubl-Click Software	Dubl Click Software
DustFonts	Dust Fonts
dustBUST	Dustbust Fonts
duysBUST Fonts	Dustbust Fonts
Dutch Design	Dutch Design
Dutch Type Library	Dutch Type Library
duxbury systems	Duxbury Systems
DVSoft	DV Soft
DVDCre8	DVDCre8
DVM Publications	DVM Publications
DynaLab	Dyna Lab
DynaLink Group	Dyna Link Group
DynaComWare Corp	DynaComWare Corp
dinamo.typerware	Dynamo Typerware
E. D Fonts	E D Fonts
E-Signature Digital Graphics	E Signature Digital Graphics
E-Typography	E Typography
E.W.T. Consulting	E.W.T. Consulting
Ear Pickles	Ear Pickles
Eastern Language	Eastern Language Systems
Eastern Languags	Eastern Language Systems
Eatern Language	Eastern Language Systems
ECO Kommunikation	ECO Kommunikation
Educational Fontware	Educational Fontware
199? EDUSOFT	EDUSOFT
(c) Efusion	Efusion
EighthWaveDigital	Eighth Wave Digital
www.elbow.com	Elbow.com
EleFont	Ele Font
electric canvas	Electric Canvas
Electric Rain	Electric Rain
Electric Typographer	Electric Typographer
Electronic Book Technologies	Electronic Book Technologies
electronic font foundry	Electronic Font Foundry
Electronic Font Open Laboratory	Electronic Font Open Laboratory
the electronic studio	Electronic Studio
Electropithecus	Electropithecus
Elemeno	Elemeno Fonts
elfring fonts	ElfRing Soft Fonts
ElfRing Soft	ElfRing Soft Fonts
Elisabeth Megnet	Elisabeth Megnet
EliteEntertainment	Elite Entertainment
Ellipsis Design	Ellipsis Design
ELMI Software	ELMI Software
el nag	Elnag Systems
elnag systems	Elnag Systems
Elphone	Elphone
Elsevier Science	Elsevier Science
ElseWare	ElseWare
elsner + flake	Elsner + Flake
Elsner+Flake	Elsner + Flake
Guenther Flake GbR	Elsner + Flake
"RWE, Germany"	Elsner + Flake
emdash font	Em Dash Fonts
Emboss Fonts	Emboss Studio
Emboss Studio	Emboss Studio
emerald city font	Emerald City Font Works
emigre	Emigre
Emily Lime Design	Emily Lime Design
EMPERORSOFT/TETSU	Emperorsoft
EMPiK sp.	EMPiK sp
ENDIE 200?	Endie
enivri.net	Enivri
enrich design	Enrich Design
ensched font foundry	Ensched Font Foundry
Ensched? Font	Ensched Font Foundry
Ensched\216 Font Foundry	Ensched Font Foundry
Ensched216 Font Foundry	Ensched Font Foundry
enStep Corporation	EnStep Incorporated
EnStep Incorporated	EnStep Incorporated
Eoin Design	Eoin Design
EosNet	EosNet
E-phemera Fonts	E-phemera Fonts
epic games	Epic Games
Epiphany Design Studio	Epiphany Design Studio
EPS Fonts	EPS Fonts
epytonef	Epytonef
EraMan	EraMan
ES Typography	ES Typography
Copyright by ESA	ESA
Esa Anttikoski	Esa Anttikoski
Esoteric Technologies	Esoteric Technologies
EspyGraphics	Espy Graphics
ESRI	ESRI
ess works	ESS Works
Estudio Lambda	Estudio Lambda
ETen Infomation System Co	ETen Information System
ETen Information System	ETen Information System
Eternal Maelstrom Studios	Eternal Maelstrom Studios
Typeface ? ETH	ETH Zurich
etherbrian	Etherbrian
EtherealCat	Ethereal Cat
Ethno Multimedia	Ethno Multimedia
e-Types AS	e-Types AS
euphoria graphic design inc	Euphoria Graphic Design
(c) EuroFONT	Euro Font
Euroset	Euroset
Eurotype	Eurotype
Eurotypo	Eurotypo
e ?val monkeys	Eval Monkeys
Every Witch Way	Every Witch Way
Evil Clown	Evil Clown
Excalibur Communications	Excalibur Communications
exclamachine	Exclamachine Type Foundry
Exclamat?ons	Exclamations
Exigent Information Solutions	Exigent Information Solutions
exljbris	exljbris Foundry
Jos Buivenga	exljbris Foundry
exoticfonts.com	Exotic Fonts
Expert Alphabets International	Expert Alphabets International
Exposed-Pixels	Exposed Pixels
extra designs	Extra Designs
EyeCue Design	EyeCue Design
EyeSaw Fontz	EyeSaw Fontz
eysaw	EyeSaw Fontz
EyeWare	EyeWare
eyewire, inc	Eyewire Inc
F25	F25 Digital Typeface
www.fsd.it	Fabrizio Schiavi Design
Fabrizio Schiavi	Fabrizio Schiavi Design
czyk	Face 2 Face
face2face	Face 2 Face
Rick Banks	Face 37
Face37	Face 37
Face 37	Face 37
FaceType	FaceType
Factor Design	Factor Design
Faizal Reza	Faizal Reza
Family Health International	Family Health International
Famous Fonts	Famous Fonts
Fanatico Productions	Fanatico Productions
Fancy Media	Fancy Media
Fantasy Inspirations	Fantasy Inspirations
Fantazia	Fantazia Fonts
fatorcaos.com	fatorcaos
FDI - fonts.	FDI fonts
FEB Software	FEB Software
felciano type foundry	Feliciano Type Foundry
feliciano type foundry	Feliciano Type Foundry
Fenix Fonts	Fenix Fonts
fenotyp	Fenotype
Fewell Foundry	Fewell Foundry
Fey Productions	Fey Productions
Fickle Fonts	Fickle Fonts
Fidel Peugeot	Fidel Peugeot
Copyright (c) 200? FIFA	FIFA World Cup
FIFA	FIFA World Cup
Filmotype Corp	Filmotype Corp
Filtered Fonts	Filtered Fonts
Financial Peril Publishing	Financial Peril Publishing & Design
fine fonts	Fine Fonts
Finefont Foundry	Finefont Foundry
Fingertip Software	Fingertip Software
Finley's Barcode Fonts	Finley's Barcode Fonts
FireBug	Fire Bug
Firmin Didot	Firmin Didot
Fish Dicks	Fish Dicks
FishDicks	Fish Dicks
www.fishscraps.com	FishScraps
Five Points Technology	Five Points Technology
fizzbomb	Fizz Bomb
FlashFont	Flash Font
Flat It	Flat It Type Foundry
Ryoichi Tsunekawa	Flat It Type Foundry
FlatWave	Flat Wave
Flava	Flava Fontz
Flemming Dupont	Flemming Dupont
Flight of the Dragon	Flight Of The Dragon
FloodFonts	Flood Fonts
Flop Design	Flop Design
Flotsam Creation	Flotsam Creation
Fluent Laser Fonts	Fluent Laser Fonts
Foam Train Fonts	Foam Train Fonts
font21.com	Font 21
FontAddict	Font Addict
Fontaxe Digitype	Font Axe Digitype
Font-Axe Digitype	Font Axe Digitype
FontBank	Font Bank
Font Boutique	Font Boutique
Fontboutique	Font Boutique
FontBoy	Font Boy
Font Bureau	Font Bureau
The Font Bureau, Inc	Font Bureau
Font Cabinet	Font Cabinet
www.fontcity.ru	Font City
the Font Company	Font Company
FONT de MATERIAL	Font de Material
FONTdeMATERIAL	Font de Material
Font Diner	Font Diner
font divine	Font Divine
Puey Ounai	Font dot com
Puey Ounjai	Font dot com
Font Emporium	Font Emporium
Font Fabric	Font Fabric
Fontfabric	Font Fabric
FontFace	Font Face
Font Factory	Font Factory
Font Farm	Font Farm
FONTFARM	Font Farm
Font Fillibuster	Font Fillibuster
FontFont	Font Font
FontFont	Font Font
FontFreak	Font Freak
Font Gangsta	Font Gangsta
Font Garden	Font Garden
Fontgarden	Font Garden
TheFontGoddess	Font Goddess
FontGrube AH	Font Grube AH
FontHouse	Font House
Font?Jungle?Cafe	Font Jungle Cafe
fontkitchen	Font Kitchen
FontMageren	Font Mageren
Font Maker	Font Maker
FontMesa	Font Mesa
FontMonk	Font Monk
Font Monkey	Font Monkey
FontMonkey	Font Monkey
FontMonster	Font Monster
FontParty	Font Party
font salon	Font Salon
FontSite	Font Site
Titus Nemeth	Font Smith
Jason Smith	Font Smith
FontSmith	Font Smith
Font Source	Font Source
Font World	Font World
Font Zone Fonts	Font Zone Fonts
Fontageous	Fontageous
Fontaholics Anonymous	Fontaholics Anonymous
Fontain	Fontain
"Font ? ?licious Fonts"""	Fontalicious Fonts
Font??a??licious	Fontalicious Fonts
Font?a?licious	Fontalicious Fonts
Font\245a\245licious Fonts	Fontalicious Fonts
Fontalicious	Fontalicious Fonts
Globitron	Fontalicious Fonts
fontanatype	fontanatype
FontasyLand	Fontasy Land
FontDesigner Amiga	Fontdesigner Amiga
Fonteria	Fonteria
fontgraphic.com	Fontgraphic
FontHaus	FontHaus
Ethan Dunham	FontHead Design
FontHead Design	FontHead Design
Fontisserie Group	Fontisserie Group
FontLand	FontLand
fontmill foundry	Fontmill Foundry
Fonto Machina	Fonto Machina
Fontocide	Fontocide
Fontological Foundry	Fontological Foundry
Fontomania	Fontomania
Fontomas	Fontomas
Fontomatic 1.0	Fontomatic 1.0
Fontosaurus	Fontosaurus
FontoVille	FontoVille
Fontron Foundry	Fontron Foundry
Fonts Anon	Fonts Anon
Fonts etc	Fonts etc.
Fonts For Flash	Fonts For Flash
kevinandamanda	Fonts For Peas
Fonts For Peas	Fonts For Peas
fontsforpeas	Fonts For Peas
Fonts Galore	Fonts Galore
Fonts Ink	Fonts Ink
FontsnThings	Fonts n Things
Fonts on Crack	Fonts On Crack
FontsUK	Fonts UK
Tom Kennedy	Fonts, Letterhead
Fonts-A-Go-Go	Fonts-A-Go-Go
Fonts A Go-Go	Fonts-A-Go-Go
FontsayLand	FontsayLand
Fontscafe	FontsCafe
FontShop	FontShop International
FSI Fonts	FontShop International
Fontsie's Fantastic Font	Fontsie's Fantastic Font Folio
Fontstage	Fontstage
Fontstage	Fontstage
FontStruct	FontStruct
Fontype Freebies	Fontype Freebies
foopy	Foopy
foopy.com	Foopy Ware
FoopyWare	Foopy Ware
FootNote Fonts	Foot Note Fonts
F?Rd 1997	Ford
ForeverDark	Forever Dark
form_substance	Form Substance
Formula Solutions	Formula Solutions
FORTECH	Fortech
FotoStar Int	FotoStar Int
Founder Corporation	Founder Corporation
Founatin	Fountain
Fountain	Fountain
by Fox	Fox
Fraksoft Freeware	Fraksoft Freeware
Frank Lloyd Wright Foundation	Frank Lloyd Wright Foundation
FreakyBunny	Freaky Bunny
FreakyFonts	Freaky Fonts
Fred Fowler	Fred Fowler
FREE LAO FONTS	Free Lao Fonts
Free Programmers Software	Free Programmers Software
Freemesmo	Freemesmo
Freeware Designs	Freeware Designs
freshmedia	Freshmedia
FRESKO DESIGN	Fresko Design
FROZAN FONT	Frozan Font
FSM Plus	FSM Plus
FT Content Provider	FT Content Provider
Führmann Software	Fuehrmann Software Service
Fuehrmann Software Service	Fuehrmann Software Service
Fuenfwerken	Fuenfwerken Design AG
fuelfonts type foundry	Fuel Fonts Type Foundry
FuelFontsTypeFoundry	Fuel Fonts Type Foundry
F?hrmann Software	Fuhrmann Software
Copyright Fujitsu	Fujitsu
Copyright  Fuka Fontcop Inc.	Fuka Fontcop
Fuka Fontcop Inc	Fuka Fontcop
fulcrum	Fulcrum
of Neufville	Fundicion Tipografica Neufville	# adobe
Fundicion Tipografica Neufville	Fundicion Tipografica Neufville	# adobe
Funky Fonts Inc	Funky Fonts
Funky Type Inc	Funky Type Inc
Funny Garbage	Funny Garbage
fuse 18	Fuse
FuseLab	Fuse Lab
Fusion MultiMedia	Fusion MultiMedia
Future Corporation	Future Corporation
Future Fonts	Future Fonts
FutureFonts	Future Fonts
Future Playtime	Future Playtime
Future Soft Egypt	Future Soft Egypt
FuzzyPeg	Fuzzy Peg
g2systems	G2systems
GagaFonts	Gaga Fonts
Gaia Production	Gaia Production
Gail Blumberg	Gail Blumberg
work by Galapagos!	Galapagos Design Group
Galapagos Design Group	Galapagos Design Group
Galaxie Software	Galaxie Software
GALAXY 2001	GALAXY 2001
GalaxyCorp	Galaxy Corp
Gallofonts	Gallo Fonts
Gamaliil Project	Gamaliil Project
gamma productions	Gamma Productions
GarageFonts	Garage Fonts
Rodneysheldenfehsenfeld	Garage Fonts
Garbanzo Garden	Garbanzo Garden
Garfunkel Factory	Garfunkel Factory
GAS Informática	GAS Informática
Gaslight	Gaslight
GautFonts	Gaut Fonts
gavillet & rust	Gavillet & Rust
1994 GCW	GCW
GD Fonts	GD Fonts
GeezFont	Geez Font
Ge'ez Frontiers Foundation	Ge'ez Frontiers Foundation
GeigerArtwork	Geiger Artwork
Gem/ff	GeM Fonts
GemFonts	GeM Fonts
gen@webtype.org	Gen
General Glyphics	General Glyphics
Genocide Graphixxx	Genocide Graphixxx
GENOCIDEGRAPHIXXX	Genocide Graphixxx
German Cartographic Design	German Cartographic Design
Freakware by Ghoulish	Ghoulish
GHS WEB GRAPHICA	Ghs Web Graphica
Gia Shervashidze	Gia Shervashidze
Giada Ghiringhelli	Giada Ghiringhelli
Giambattista Bodoni	Giambattista Bodoni
Giancarlo Barison	Giancarlo Barison
"Gideon, Inc"	Gideon Inc
"Rob Leushhke for Gideon, Inc"	Gideon Inc
glavyfonts	Glavy Fonts
GLITCHFONTS	Glitch Fonts
GlitschkaStudios	Glitschka Studios
Globes	Globes
Globitron	Globitron
Glorious Creations	Glorious Creations
GlueBoy International	GlueBoy International
Glyph Systems	Glyph Systems
GMDemo	GM Demo
GMG Foundry	GMG Foundry
Go Media Inc	Go Media Inc
GoatPatch Delux	Goat Patch Delux
Goatee	Goatee
3GOHSEN ?GRAPHICS	Gohsen Graphics
Golan Levin	Golan Levin
Golden Software	Golden Software
Goldgraeber	Goldgraeber
Goobleez Brothers	Goobleez Brothers
GoodsRiver	Goods River
Googe & King Buffalo Graphics	Googe & King Buffalo Graphics
Google Corp	Google Corp
GorillaBlu	Gorilla Blu
Grade One Graphics	Grade One Graphics
Graff-X	Graff X
Grafik Solutionz	Grafik Solutionz
Grafikerler	Grafikerler
GRAFITO DESIGN	Grafito Design
GraphAttack	Graph Attack
Graphic Ar??s	Graphic Arts
Graphic Arts Unit	Graphic Arts Unit
graphi bureau	Graphic Bureau
graphi\361 bureau	Graphic Bureau
Graphic Bureau	Graphic Bureau
Az-Zet	Graphic bureau Az-Zet
GraphicCompulsion	Graphic Compulsion
Graphic Galaxy	Graphic Galaxy
graphic groove	Graphic Groove
Graphic Illusions	Graphic Illusions
Graphic Service/GBL	Graphic Service
GraphicType	Graphic Type
Graphics by Gallo	Graphics by Gallo
Graphis	Graphis
Graphniques Software	Graphniques Software
Graphx Edge	Graphx Edge
Grass Onions	Grass Onions
Gravity Switch	Gravity Switch
Gravy Fonts	Gravy Fonts
Gray Graphics	Gray Graphics
GreatWall Computer	Great Wall Computer
Greater Albion	Greater Albion Typefounders
greatland corporation	Greatland Corporation
greek font society	Greek Font Society
DarkSide Productions	GreyWolf WebWorks
GreyWolf WebWorks	GreyWolf WebWorks
GrilledCheese	Grilled Cheese
Gringosno	Gringosno
Grixel	Grixel
Grosse Pointe Group	Grosse Pointe Group
Group W	Group W
Grover Graphics	Grover Graphics
Grudnuk	Grudnuk Creations
G -Type	G-Type
G-Type	G-Type
Guava Graphics	Guava Graphics
Gudrun Zapf-von Hesse	Gudrun Zapf Von Hesse
guerilla fonts	Guerilla Fonts
guerillafonts	Guerilla Fonts
Guess Who	Guess Who
Guillemot Corporation	Guillemot Corp
Guru Graphics	Guru Graphics
gust.org	Gust
hacen.net	Hacen
Hacienda Software	Hacienda Software
HADARI GRAPHICS	Hadari Graphics
Haike	Haike
Hairy Twat	Hairy Twat
HallMark Cards	HallMark Cards
Hallmark Design	Hallmark Design Studios
HallOGram Publishing	HallOGram Publishing
HamoonSoft	HamoonSoft
Han-Media	Han Media
HanakoTakeuti	Hanako Takeuti
HandCraftedFonts	HandCrafted Fonts
Andrew Hullinger	Handmade Alphabets
Handmade Alphabets	Handmade Alphabets
HanYang System	HanYang System
HanYang I&C	HanYang System
HANYI KEYIN	HANYI KEYIN
Happy Goblin Design Font	Happy Goblin Design Font
Haran Graph	Haran Graph
Harbingers Inc	Harbingers Inc
HardSoft Solutions	Hard Soft Solutions
Hardip Singh Pannu	Hardip Singh Pannu
Harmony Printer font	Harmony Printer Fonts
haroldsfonts.com	Harolds Fonts
harris design	Harris Design
Havana Productions	Havana Productions
Have Fun with Fonts	Have Fun with Fonts
HaxrCorp	HaxrCorp
HBFF	HBFF
Headfirst	HeadFirst
Headliners	Headliners
helldunkel	Helldunkel Design
hermessoft	HermesSoft Cc
Hewlett-Packard	Hewlett Packard
Hey Rube	Hey Rube
hg design	HG Design
Hidden-Jewels	Hidden Jewels
Hiekka Graphics	Hiekka Graphics
Typeface ? High-Logic	High Logic
highground industries	Highground Industries
Highlander Graphics Software	Highlander Graphics Software
Typeface ? High-Logic	High-Logic
HiH Retrofonts	HiH Retrofonts
HiStroke	HiStroke
Hitarth Consultants	Hitarth Consultants
hoefler & frere-jones	Hoefler Type Foundry
Hoefler Type Foundry	Hoefler Type Foundry
Holiday Keikaku	Holiday Keikaku
Homemade Fontaid	Homemade Fontaid
Honeii Market	Honeii Market
honey&death	Honey And Death
Hook Publishing	Hook Publishing
Horizon Graphics	Horizon Graphics
Horrorfind	Horror Find
horstkgrafix	HorstkGrafix.de
Hot?Metal?Type	Hot Metal Type
HotMind Software	Hotmind Software
Houghton Miflin	Houghton Mifflin
Houghton Mifflin	Houghton Mifflin
HourGlass	Hour Glass
House Industries	House Industries
?Lime 200?	House Of Lime
House of Lime	House Of Lime
house.r	House R
housestyle	Housestyle
HPLHS	HPLHS
Hrycak Graphics	Hrycak Graphics
Huerta Tipografica	Huerta Tipografica
HugWare	Hug Ware
Human Computers	Human Computers
Hung Lan	HungLan Artdesign
Hunglan	HungLan Artdesign
Hannes von Doehren	HVD Fonts
Hannes von D?hren	HVD Fonts
hwan fontdesign	hwan fontdesign
Hyatt Art	Hyatt Art
Hydro.seven.four	Hydro 74
HypeForType	HypeForType
Hyperion Graphics	Hyperion Graphics
Hypno Design	Hypno Design
Hyrax	Hyrax
Hyundai Media Systems	Hyundai Media Systems
IAmCallingYou	I Am Calling You
ibm corp	IBM Corp
IceWorks Inc	Ice Works Inc
IcedEarth	Iced Earth
Ichihara-Marines	Ichihara Marines
icompile.co	Icompile
Icon Design	Icon Design
xoom.com/iconianfonts/	Iconian Fonts
Iconian Font	Iconian Fonts
iconianfonts	Iconian Fonts
ICQgirl	ICQgirl
IDAutomation	ID Automation
ID Software	ID Software
idc, IIT Bombay	IDC Bombay
Idea2Design	Idea 2 Design
Identikal	Identikal Corp
IFD Casual Conceptions	IFD Casual Conceptions
IgnitionStudio	Ignition Studio
iGraphicz	iGraphicz
1990-1993  IIGS	IIgs
Illegal Industries	Illegal Industries
Illinois Shakespeare Festival	Illinois Shakespeare Festival
image club graphic	Image Club Graphics
Imagecon Studios	Imagecon Studios
ImageLine	ImageLine
imagexs	Imagexs
Imitation Warehouse	Imitation Warehouse
Immortal Graphics	Immortal Graphics
Immortalware	Immortalware
Impact Communications	Impact Communications
Imre Reiner	Imre Reiner
IMSI MasterFonts Collection	IMSI MasterFonts Collection
Incinerator	Incinerator
InClipz	InClipz Graphics
Indian Express	Indian Express
Indian Futures & Options	Indian Futures & Options
Indigenous Languages Project	Indigenous Languages Project
InDigest AvantFonts	Indigest Avant Fonts
Infogrames	Infogrames
InfoMedia	InfoMedia
Informatics	Informatics
Information-in-Motion	Information-in-Motion
ingofont	Ingofont
Ingonyama Galleries	Ingonyama Galleries
inkdesign	Ink Design
Inka Menne	Inka Menne
Inland Type Foundry	Inland Type Foundry
InsaniType	Insani Type
Insect Font	Insect Font
Inset Systems	Inset Systems
inside consultores	Inside Consultores
Insomnia	Insomnia
inspiregraphics	Inspire Graphics
Inpsire Graphics	Inspire Graphics
Inspire Graphics	Inspire Graphics
Inspire Grapics	Inspire Graphics
Instant Data Systems	Instant Data Systems
institute of estonian language	Institute of Estonian Language
Intecsas	Intecsas
Paulo W	Intellecta Design
Intellecta Design	Intellecta Design
Interdine Design	Interdine Design
Intergraph Corporation	Intergraph Corporation
InterMicro	InterMicro
International J. Font	International J Font
International Research	International Research Corp
intersoft international	Intersoft International
Inventif Systems	Inventif Systems
Io Grafix	IoGrafix
IoGrafix	IoGrafix
Ipanema Gr?fica	Ipanema Grafica
ipanemagrafica.com	Ipanema Grafica
IQ Engineering	IQ Engineering
International Systems Consultancy	ISC.COM
ISF font foundry	ISF Font Foundry
Copyright (c) ISIS	Isis Fonts
Isis Font	Isis Fonts
Isis Type	Isis Type Foundry
istanbulfontfabrik	Istanbul Font Fabrik
International Typeface	ITC
trademark of itc	ITC
internatinal typeface	ITC
Ivan Zeifert Works	Ivan Zeifert Works
jy&a fonts	Jack Yan & Associates
jack yan & associate	Jack Yan & Associates
JaMaCon Associates	JaMaCon Associates
JanWorx	JanWorx
JAPAN BROADCAStING CORPORAtION	Japan Broadcasting Corporation
Japan Overseas Cooperation Volunteers	Japan Overseas Cooperation Volunteers
JAW Fonts	JAW Fonts
jt types ltd	Jeremy Tankard Typography
Jester Font Studio	Jester Font Studio
jestyle	Jestyle
JMD Fonts	JMD Fonts
www.jnkorginals.com	JNK Orginals
JNK ORIGINALS	JNK Originals
jnkorginals.com	JNK Originals
JNKORIGINALS	JNK Originals
JNS Team	JNS Team
Joebob	Joebob Graphics
John Dee Publication Project	John Dee Publication Project
John Nahmias	JonahFonts
JonaFonts	JonahFonts
JonahFonts	JonahFonts
Jones & Jones	Jones & Jones
Joot-Soft	Joot Soft
Journal of Tantric Studies	Journal of Tantric Studies
JPN.ALL	JPN
JS Font Collection	JS Font Collection
JS Technology	JS Technology
JTHZ	JTHZ
judaica software international	Judaica Software International
JukeBox	JukeBox
JulesArt	Jules Art
Jules Collection	Jules Designs
Jules Designs	Jules Designs
JupiterImages Corp	Jupiter Images Corp
Just Another Foundry	Just Another Foundry
Just In Type	Just In Type
JustSystem Corporation	Just System Corporation
Just Us	Just Us
Johan Widegren	JW Type
K. C. Consulatants	K C Consulatants
k?type.com	K Type
KC Fonts	KC Fonts
K22	K22 Type
toto	K22 Type
Kabbalah Software	Kabbalah Software
Kagoma Computers	Kagoma Computers
Kamban Software	Kamban Software
KAPMULTIMEDIA	KAPMULTIMEDIA
Karandash Type & Graphic	Karandash Type & Graphics Foundry
karate graphics ltd	Karate Graphics Ltd
Karen Foster Design	Karen Foster Design
Katsfunfont	Kat's Fun Fonts
katnmi/fonts	Kat's Fun Fonts
katnmi/funfonts	Kat's Fun Fonts
KAT GRAPHICS	Katz Graphics
Katz Grafix	Katz Graphics
KATZ GRAHICS 200? katzfonts	Katz Graphics
Katz Graphics	Katz Graphics
katzfonts	Katz Graphics
katzgrafix	Katz Graphics
KATZGRAPHICS	Katz Graphics
Kaufman Consulting Services	Kaufman Consulting Services
Kazuma Abe	Kazuma Abe
Kejak Fonts	Kejak Fonts
Kenders	Kender's Design Collection
Kender's Collection	Kender's Design Collection
Kender's Design Collection	Kender's Design Collection
Kender's Flower Collection	Kender's Design Collection
Kensington High School	Kensington High School
THE KEYSTONE WORKS	Keystone Works
Keystrokes	Keystrokes Fonts
KickingbirfFonts	Kickingbird Fonts
KickingbirdFonts	Kickingbird Fonts
Kimera Typefoundry	Kimera Typefoundry
KINEMA MOON Graphics	Kinema Moon Graphics
KingThings	King Things
Kinghorn Company	Kinghorn Company
Kingsley	Kingsley Type Corporation
Kinichi Imada Design	Kinichi Imada Design
Kivart	Kivart
Kivun Computers	Kivun Computers
K i w i   M e d i a	Kiwi Media
Kiwi Media	Kiwi Media
Kris Sowersby	Klim Type Foundry
Kludo Studio	Kludo Studio
knightlineproductions	Knightline Productions
Koelooptiemanna Productions	Koelooptiemanna Productions
Kool Type Lab	Kool Type Lab
KozakDesign	Kozak Design
KPN Nederland	KPN Nederland
Kreative Korporation	Kreative Korporation
Kreative Software	Kreative Software
Kung Fu Fonts	Kung Fu Fonts
KunLun Electronic Printing	KunLun Electronic Printing
Kurd It Group	Kurd It Group
kurdsoft	KurdSoft
Kuzumihk71@Fonts	Kuzumihk Fonts
la-laiterie	La Laiterie
La Tipomatika	La Tipomatika
Laffayette Systems	Laffayette Systems
lagalga	lagalga
lakmus design lab	Lakmus Design Lab
Lalantha Graphics	Lalantha Graphics
lanston  type	Lanston Type Company
Lanston?Type Co	Lanston Type Company
lanston\250 type	Lanston Type Company
lao script	Lao Script for Windows
larabiefonts	Larabie Fonts
laser printing solutions	Laser Printing Solutions
LaserPrinting Solutions	Laser Printing Solutions
Laserfonts	Laserfonts
LaserGo	LaserGo
LaserPoint Technologies	LaserPoint Technologies
Latinotype	Latinotype
Laura Worthington	Laura Worthington Type
Lawn Dart	Lawn Dart Fonts
layer3	Layer3
Lazy Crazy	Lazy Crazy
Lazy Dog Foundry	Lazy Dog Foundry
lbc computers	LBC Computers
LCD Graphics	LCD Graphics
LDO Fonts	LDO Fonts
Le Monde newspaper	Le Monde newspaper
Lear Type Foundry	Lear Type Foundry
LearnFun Systems	LearnFun Systems
LeFly	LeFly
Leonardi?s Typefoundry	Leonardi's Type Foundry
Leonardi's Type Foundry	Leonardi's Type Foundry
Leonel Terres	Leonel Terres
Leonhard Lass	Leonhard Lass
Leonid Zorin	Leonid Zorin
Leroy Chen	Leroy Chen
Leslie Cabarga	Leslie Cabarga
AB Vista Company	Letraset
Created by LetraSet	Letraset
Eselte	Letraset
Esselte	Letraset
Fontek/Letraset	Letraset
FontStudio	Letraset
Letraset	Letraset
Juan Pablo de Gregorio	Letritas
Letterbox	Letterbox
Gary Godby	Letterhead Fonts
LetterHead Font	Letterhead Fonts
letterheadfonts	Letterhead Fonts
Mike Erickson	Letterhead Fonts
Mike Stowe	Letterhead Fonts
Arthur Vanson	Letterhead Fonts
Charles Borges de Oliveira	Letterhead Fonts
Ken McTague	Letterhead Fonts
letterhead studio	Letterhead Studio
Letteringdelights	Letteringdelights
LetterKraft	LetterKraft
LetterPerfect	LetterPerfect Fonts
LettEror	LettError
LettError	LettError
Letters From The Claw	Letters From The Claw
Level Five Research	Level Five Research
LeVision	LeVision
Maximiliano R. Sproviero	Lian Types
Liborsoft? Freeware	Liborsoft Freeware
Lifetouch National School	Lifetouch National School Studios
#Lime	Lime
Limit?Type	Limit Type
Limit. Type	Limit Type
Limon Group	Limon Group
Lindstrom Design	Lindstrom Design
lineasolido	Linea Solido
Lineage Software	Lineage Software
Cornel Windlin	LineTo
Cornell Windlin	LineTo
LineTo	LineTo
Heidelberger Druckmaschinen	Linotype
linotype	Linotype
Linotype design studio	Linotype
Linotype gmbh	Linotype
Linotype??Hell 	Linotype
Linotype?Hell	Linotype
Lion Kuntz	Lion Kuntz
Lions Den International	Lions Den International
lipi graphics	Lipi Graphics
LiquidGraphX	Liquidgraphx
Little Bill Productions	Little Bill Productions
littleredcircles	Little Red Circles
Little StarSeed	Little Star Seed
LivingEnd	Living End
living td	Living TD
LMNo Designs	Lmno Designs
LockerGnome	Locker Gnome
Lo??edesign Co	Loedesign
Logo Factory	Logo Factory
Logos Research	Logos Research Systems
Loki & Legolas	Loki & Legolas
London Stokes	London Stokes
Copyright (c) LT	London Transport
LonesomeTypeFactory	Lonesome Type Factory
loosy(fab	Loosy Design
loosydesign	Loosy Design
Lotus	Lotus
LoveDesign	Love Design
Love-Design Co	Love Design
by Loveless	Loveless
lowtech corp	Lowtech Corp
L. t. F	LTF
LucasFonts	Lucas Fonts
Ludlow Industries	Ludlow Industries
Lunchbox Design	Lunchbox Design
Lunchbox Studios	Lunchbox Studios
lux typographics	Lux Typographics
Ly's Media	Ly's Media
MaBell Treasury of Design	MaBell Treasury of Design
Maboli Systems	Maboli Systems
MAC Rhino	MAC Rhino
MacArtist	MacArtist Incorporated
MacBuddha	MacBuddha
Macross City Pok?tech Center	Macross City Poketech Center
Mad Irishman Productions	Mad Irishman Productions
Madensack	Madensack
MADtype	Madtype
Mage Solutions	Mage Solutions
by Magenta	Magenta ltd
Magenta ltd	Magenta ltd
Maghribi Assile	Maghribi Assile
MagicFonts	Magic Fonts
MagicLINES	MagicLINES
Magik Pirating	Magik Pirating
Magik Software	Magik Software
M a g n u m   S o f t w a r e	Magnum Software
Magnum Software	Magnum Software
mahnishtahnah project	MahNistanah Project
MahNistanah Project	MahNistanah Project
Mahoney Fine Arte	Mahoney Fine Arte
majus corp	Majus Corp
Malayalam Vaarika Design	Malayalam Vaarika Design
Maleksoft Developer	Maleksoft Developer
Design by Malgorzata Budyta	Malgorzata Budyta
Designed by Masayuki sa??o	Maniackers Design
maniackers	Maniackers Design
Mannesmann ScanGraphic	Mannesmann ScanGraphic
Manugistics Inc	Manugistics Inc
MapInfo Corp	MapInfo Corp
MapInfo Corporation	MapInfo Corp
Mark Simonson	Mark Simonson Studio
M?rroquin Design	Marroquin Design
marshallarts	Marshall Arts
Maruti Computers	Maruti Computers
Maste(R)Font Studio	Master Font Studio
MasterFont Studio	Master Font Studio
MasterSoft	MasterSoft
Match and Kerosene	Match and Kerosene
matchfonts	Match Fonts
Match Software	Match Software
Maternellecolor	Maternellecolor
Mathrubhumi Web	Mathrubhumi Web
matrix software	Matrix Software
Mattel	Mattel
Mawns	Mawns
Mayan Epigraphic Database	Mayan Epigraphic Database
Mazda Motor	Mazda Motor Corp
MC Grafix	MC Grafix
McGraw Hill	McGraw Hill
MDTA Design	MDTA Design
MDTADesign	MDTA Design
meanworks	Mean Works
Mecanorma	Mecanorma International
Media Graphics International	Media Graphics International
Media Management	Media Management
MediaStudio	Media Studio
mediacrest	Mediacrest Inc
medialab	Medialab
Mediendesign	Medien Design
Megami Studios	Megami Studios
Meguro-Design	Meguro Design
mentaltype.com	MentalType
MentorFonts	Mentorfonts
mercedes-benz ag	Mercedes Benz
Merlin's Software	Merlin's Software
MetaDesign	MetaDesign
Metalhead Studios	Metalhead Studios
metaphasebrothel	metaphasebrothel
Mewtor	Mewtor
Mftrace	Mftrace
MGI Software	MGI Software
MGM?Design	MGM Designs
mgmdesign	MGM Designs
MGraphix	MGraphix
Mickey Avenue	Mickey Avenue
mickeyavenue	Mickey Avenue
Micro & Way Font Bank	Micro & Way Font Bank
MicroCOM	Micro Com
Micro Systems International	Micro Systems International
MicroCom BBS	MicroCom BBS
Microgetics	Microgetics
MicroLogic Software	MicroLogic Software
MicroSabio	MicroSabio
Microsense Computers	Microsense Computers
Microsoft Hardware	Microsoft Corp
Copyright Microsoft	Microsoft Corp
Microsoft Corp	Microsoft Corp
Microsoft Design	Microsoft Corp
MicroVision Development	MicroVision Development
MIDICraft	MIDI Craft
Midisoft Corp	Midisoft Corp
Midway Manufactoring	Midway Manufacturing
Midway Manufacturing	Midway Manufacturing
Mieke3000	Mieke3000
Mieps	Mieps Fonts
MIFFIES	Miffies
Mighty Minks International	Mighty Minks International
Migraine Graphics	Migraine Graphics
Migraine Type	Migraine Type
mikworks	Mikworks
Copyright (c) Miles Ink	Miles Ink
MilkWorks	Milk Works
MindCandy	Mind Candy
Mindaugas Strockis	Mindaugas Strockis
Mindofone Fonts	Mindofone Fonts
miniml.com	Miniml
MintCure	Mint Cure
Mirco Curtis Mack	Mirco Curtis Mack
Mirkwood Designs	Mirkwood Designs
Mirror Image	Mirror Image
Liam Lewis	Misile Law Foundry
Misile law foundry	Misile Law Foundry
misprint font	Misprint Font
Misprinted Type	Misprinted Type
MisprintedType	Misprinted Type
Miss Tiina	Miss Tiina
Mister Bla`s Fontworx	Mister Bla?s Fontworx
Mitron Creations	Mitron Creations
MKS Design	Mks Design
M/M FONt DESIGN	MM Font Design
MM Font Design	MM Font Design
mnwrks	Mnwrks
MoaaSystem	Moaa System
ModBlackmoon	ModBlackmoon
Modern Microware	Modern Microware
Modular InfoTech	Modular InfoTech
Modular Systems	Modular Systems
MongolC	MongolC
monibdesign	Monib Design
Moniteurs	Moniteurs
monkeebidnes	Monkee Bidness
monkeyfonts	Monkey Fonts
monkeymedia	Monkey Media
Monogram Fonts	Monogram Fonts
MonoType	Monotype Imaging
Moon In Aquarius	Moon In Aquarius
MoonLight Designs	MoonLight Designs
Moonlight Type	MoonLight Designs
MoonlightDesigns	MoonLight Designs
More Services	More Services
Morisawa	Morisawa
Morovia Corporation	Morovia Corporation
Morris Design	Morris Design
MorrisDesign	Morris Design
Mortal Turtle Foundry	Mortal Turtle Foundry
Moser DataBase	Moser DataBase
Mota Italic	Mota Italic
Mo?ionS?udio	MotionStudio
MotionStudio	MotionStudio
Motken.com	Motken.com
MOTOYA CO	Motoya Co
Mountain Lake Software	Mountain Lake Software
MouserFonts	Mouser Fonts
Mozart Music	Mozart Music Software
Mr. Fisk	Mr Fisk
MR.FISK	Mr Fisk
mrhomeykie	Mr Homey Kie
MR Moebes	Mr Moebes
Mseek Font Creator	Mseek Font Creator
MUFI research group	MUFI research group
munichtype	Munich Type
Mural Division	Mural Division
Muraleetha	Muraleetha
Mushi	Mushi
Mushroom Mandrake	Mushroom Mandrake
MushyBees	Mushy Bees
Music FontWorks	Music Font Works
MusicWriter	Music Writer
musicfontlab	Musicfontlab
Markanna Studios Inc	MvB Design
MvB Design	MvB Design
MVB Fonts	MvB Design
MWSoft	MW Soft
#MyFont	My Font
My Left Font	My Left Font
My Urdu Messnger	My Urdu Messnger
mzwdesigns	MZW Designs
NAGAKURA FONT COLLECTION	Nagakura Font Collection
NAKSOFT	NAKSOFT
Nasim Network	Nasim Network
National Centre for Software Technology	National Centre For Software Technology
"National Post, Southam"	National Post Southam
National Taiwan University	National Taiwan University
NDC Web Design	NDC Web Design
ndiscovered.com	ndiscovered.com
117451808m ndm	NDM
of Nebiolo	Nebiolo	# adobe
Necropolis	Necropolis
(c) NECTEC	NECTEC
by NECTEC	NECTEC
Neferchichi's Fonts	Neferchichi's Fonts
nendo graphixxx	Nendo Graphixxx
neogrey creative	Neogrey Creative
neogrey.com	Neogrey Creative
Britton Walters	Nerfect Type Foundry
Nerfect Type	Nerfect Type Foundry
Nerfect Type Laboratories	Nerfect Type Laboratories
NERO HO	Nero Ho
Net Cirque	Net Cirque
TheNetStar	Net Star
Network Computing Devices	Network Computing Devices
NeuFont, Inc	NeuFont Inc
Neufville Digital	Neufville Digital
Neurological Associates	Neurological Associates
NghtMvs	Nght Moves
NHN Corporation	NHN Corporation
Nick Curtis	Nick's Fonts
Nick's Fonts	Nick's Fonts
Night Graphics	Night Graphics
Night Illusions Web Design	Night Illusions Web Design
NightHawk	Nighthawk
Nihilschiz Fonts	Nihilschiz Fonts
Nihon Literal ltd	Nihon Literal Ltd
by Nike	Nike
NIMX Foundry	NIMX Foundry
Nippon Information & Science	Nippon Information & Science
NIPPON PRINTING	Nippon Printing
NiteMayr	Nite Mayr
Nitemare Productions	Nitemare Productions
Noimage	Noimage
Noize of Zappin	Noize of Zappin
nokia corp	Nokia Corp
NonAesthetic	NonAesthetic
Norfok Inc	Norfok Incredible Font Design
Norfok? Incredible Font	Norfok Incredible Font Design
www.norfok.com	Norfok Incredible Font Design
Nortel Networks	Nortel Networks
Nortext Multimedia	Nortext Multimedia
Northern Fonts	Northern Fonts
Norton Photosetting	Norton Photosetting	# Adobe
Norwick	Norwick
NoteWorthy ArtWare	Note Worthy ArtWare
nothing medialab	Nothing Medialab
Nothingware	Nothingware
Nova Design	Nova Design
NOVA MEDIA VERLAG	Nova Media Verlag
NovaMute	NovaMute
NovelFonts	Novel Fonts
Novell Applications Group	Novell Applications Group
NRB Systems	NRB Systems
by NSW	NSW
Nu Isis Working	Nu Isis Working Group
NuevoDeco Design	NuevoDeco Typography
NuevoDeco Typography	NuevoDeco Typography
Numus	Numus
Nwardesign	Nwardesign
Ocarina	Ocarina Fonts
OkayCat	OkayCat
Oketz Fonts	Oketz Fonts
Oldie & Lyngam Asociados	Oldie & Lyngam Asociados
OLDUVAI CORPORATION	Olduvai Corporation
Oliver Conte Design	Oliver Conte Design
Omaha Recycles	Omaha Recycles
Omega Design	Omega Design
Omega Font Labs	Omega Font Labs
OmegaFrog	Omega Frog
OMEGA Labs	Omega Labs
Omega Project	Omega Project
Omen Type	Omen Type
Ominous Cat	Ominous Cat
Omkarananda Ashram Himalayas	Omkarananda Ashram Himalayas
Franko Luin	Omnibus Typografi
Omnibus Typografi	Omnibus Typografi
OMSDS	OMSDS
On The Beach Surf Shop	On The Beach Surf Shop
OneUp	One Up
One Up	One Up
One Way Out	One Way Out
OneZero	One Zero
Copyright 199? - ONIX Studio.	Onix Studio
Onno Schaap	Onno Schaap
ONYX Studio	Onyx Studio
ootsuka typewerks	Ootsuka Typewerks
Open University	Open University
Open Window	Open Window
#OPULUX	OPpulux
(c) optimo	Optimo
"Optimo, Switzerland"	Optimo
optimo snc	Optimo SNC
OrgDot	OrgDot
OrgilTech Co	OrgilTech Ltd
OrgilTech	OrgilTech Ltd
Origin Systems	Origin Systems
Original 19	Original 19
OsoSoft	OsoSoft
OurType	OurType
Outrasfontes.com	Outras Fontes
Outside the Line	Outside the Line
OviyaResearch	Oviya Research
PixelZentrum	Pixel Zentrum
P2+K2	P2+K2
P22	P22 Type Foundry
p22 inc	P22 Type Foundry
P22 Type Foundry	P22 Type Foundry
Richard Kegler	P22 Type Foundry
Page Studio Graphics	Page Studio Graphics
PageTech	Page Tech
Page Technology Marketing	Page Technology Marketing
Paisley Parke	Paisley Parke
Paleale	Pale Ale Productions
pampatype	Pampatype
Panache Graphics	Panache Graphics
Panache Typography	Panache Typography
Panic Design	Panic Design
Pantograph	Pantograph
Panurge	Panurge
Paolo Agostini	Paolo Agostini
PaperKutz	Paperkutz
www.parachute.gr	Parachute Graphics
(c) ParaGraph	ParaGraph International
199? ParaGraph	ParaGraph International
Copyright ParaGraph	ParaGraph International
#paragraph	ParaGraph International
ParaGraph Int	ParaGraph International
ParaGraph JV	ParaGraph International
Parakeet/ef	Parakeet ef
Parallax	Parallax
ParaType	ParaType
parkinson type design	Parkinson Type Design
Parody	Parody
Parsons Technology	Parsons Technology
Partly Cloudy Media	Partly Cloudy Media
Passport Designs	Passport Designs
Past&Future	Past & Future
Patterns For The Boys	Patterns For The Boys
Patty Whack Fonts	Patty Whack Fonts
PaulCo Heavy Industry	PaulCo Heavy Industry
Payne Loving Trust	Payne Loving Trust
HugWare	pc Crafter
pcCrafter	pc Crafter
Peanuts	Peanuts
Pealygates	Pearly Gates
PearlyGates	Pearly Gates
Penguin Productions	Penguin Productions
Pennyzine	Pennyzine
penta.com	Penta
PenUltimate Type	PenUltimate Type
PepFX Design	PepFX Design
periscope creations	Periscope Creations
Petro Design	Petro Design
Petroglyphic Design	Petroglyphic Design
PG Music	PG Music
PhantomPhonts	Phantom Phonts
phantommenace	Phantommenace
Philatype	Philatype
Philips SemiConductors	Philips SemiConductors
Phoenix Fonts	Phoenix Fonts
Phoenix Phonts	Phoenix Phonts
PhonScript Systems	PhonScript Systems
Phont Typographics	Phont Typographics
PhontPhreak	Phontphreak
PhotoLettering	Photo Lettering
Photo?Lettering	Photo Lettering
Phuong Nam Net	Phuong Nam Net
Pia Borders	Pia Borders
PiFont	PiFont
1997 Pinhead Grafix	Pinhead Graphix
PINHEAD GRAFX	Pinhead Graphix
Pinhead Graphix	Pinhead Graphix
Pink Broccoli Types	Pink Broccoli Types
PintassilgoPrints	PintassilgoPrints
Pi_'s Room	Pi's Room
PitDGulash	Pit DGulash
pixel fonts	Pixel Fonts
pixelfonty	Pixel Fonty
pixelfreak	Pixel Freak
PixelHugger	Pixel Hugger
Pixelmonkeystudios	Pixel Monkey Studios
thepixelplant	Pixel Plant
PixelPrint Zagreb	Pixel Print Zagreb
PixelCarnage	PixelCarnage
Pixeltoy	PixelToy
PixieType	Pixie Type
Kemie Guaida	Pixilate
http://hjem.get2net.dk/jfischer/	Pizza Dude
PizzaDude	Pizza Dude
Copyright PJL 2000	PJL
Copyright PJL MMII	PJL
PJL '02	PJL
PKW. 2005	PKW
Typeface ? PKW	PKW
Plan Nine Design	Plan Nine Design
planck foam	Planck Foam Scholarly Dragon
PlanckFoam	Planck Foam Scholarly Dragon
scholarly dragon	Planck Foam Scholarly Dragon
Scholars Press	Planck Foam Scholarly Dragon
scolarly dragon	Planck Foam Scholarly Dragon
Planet Buzz	Planet Buzz Studios
The Planet	Planet Buzz Studios
planet design	Planet Design Company
Platinum Inc	Platinum Inc
playroom software	PlayRoom Software
plazm fonts	Plazm Media
Plazm Media	Plazm Media
Plazte19	Plazte 19
PlugInFonts	Plug In Fonts
PlyType	Plytype
P.M Original	PM Original
PM ?ORIGINAL	PM Original
Pocket Books	Pocket Books
Pokelele	Pokelele
polish tex users group	Polish Tex Users Group
Pollhammer	Pollhammer
Polygraph Mash	Polygraph Mash
Poligrefmash	Polygraph Mash
PolygraphMash	Polygraph Mash
polytype	Polytype
Polyvroom	Polyvroom
Poodle Fonts	Poodle Fonts
Pooh Bear's Den	Pooh Bear's Den
PopAmericana Type Foundry	Pop Americana Type Foundry
Pop Void Publications	Pop Void Publications
pOPdOD fONTS	PopDog Fonts
popdog	PopDog Fonts
Porch Swing Pub	Porch Swing Publishing
Porchswing Publishing	Porch Swing Publishing
Porchez TypoFonderie	Porchez TypoFonderie
Porn Star Clothing	Porn Star Clothing
PortalFox	PortalFox
Positype	Positype
Pouliadis Associates	Pouliadis Associates
Pow Fonts	POW Fonts
power graphixx	Power Graphixx
PRADEX Group	PRADEX Group
premiere magazine	Premiere Magazine
presence typo	Presence Typo
PressureTypeFoundry	Pressure Type Foundry
PIP-Type	Pretty In Pink-Type
By Preuss	PreussType
preussTYPE	PreussType
pr imafont	Prima Fonts
Primafont	Prima Fonts
PrimaVista	Prima Vista
PriMedia	Prime Media
Primemedia	Prime Media
primnedia	Prime Media
primetype	PrimeType GmbH
Print Dogs	Print Dogs
PriNzfOntZ	Prinz Fontz
prismtone	PrismTone
Process Type Foundry	Process Type Foundry
Proclaim Communications	Proclaim Communications
www.playpuppy.com	Products of Play
magazinepublisher	Profiles Publishing
profiles publishing	Profiles Publishing
ProFont Distribution	Profont Distribution
200? ProFonts	ProFonts
ProGrafx	ProGrafx
Proshika Computer Systems	Proshika Computer Systems
proto.type	Proto Type
Provo Craft	Provo Craft
Proxima Systems	Proxima Systems
P?Side Design S?udio	P-Side Design Studio
P-Side Design Studio	P-Side Design Studio
Psychedelix	Psychedelix
PsychoGlyph	Psycho Glyph
Psy?Ops	PsyOps Type Foundry
PsyOps	PsyOps Type Foundry
Publieke Omroep	Publieke Omroep
Published Perfection	Published Perfection
Publishers Paradise	Publishers Paradise
Publishers' Paradise	Publishers Paradise
Publisher's Paradise	Publishers Paradise
Pukupu	Pukupu
Purple Systems	Purple Systems
PWH Hnxe	PWH Hnxe
"PWH, Hnxe"	PWH Hnxe
Pyro	Pyro
#PYRS Fontlab	Pyrs Fontlab
Pyrus FreeSerif	Pyrus FreeSerif
Qanston Type	Qanston Type
Qnix Computer Co	Qnix Computer Co
QPC Software	QPC Software
QType	Qtype
QualiType	QualiType
Quantum Enterprises	Quantum Enterprises
Quartet Systems	Quartet Systems
r.r. donnelley	R R Donnelley
RAFonts	RA Fonts
Rabbit Reproductions	Rabbit Reproductions Type foundry
rag & bone design	Rag & Bone Design
RagTime	Rag Time
Ragnarok Enterprises	Ragnarok Enterprises
Ragnarok Press	Ragnarok Press
RailHead Design	Rail Head Design
RAILhead Fonts	Rail head Design
Rain-Road	Rain Road
Ransom Group	Ransom Group
raphmode	RaphMode
RASDESIGN	RAS Design
RavenType	RavenType
Raw Design Studio	Raw Design Studio
Real Academia de Bellas Artes	Real Academia de Bellas Artes
Realm Beyond iNSANiTY	Realm Beyond iNSANiTY
reasonable solutions	Reasonable Solutions
Recycle Foundation	Recycle Foundation
redbikini.com	Red Bikini Type
RedBikiniType	Red Bikini Type
Red Dragon	Red Dragon
Red Hat, Inc	Red Hat, Inc
Red Hen	Red Hen Enterprises
Red No. 06	Red No 06
Red No. 07	Red No 07
Red Rooster	Red Rooster Collection
Redfonts	Redfonts
Redruth's Basement	Redruth's Basement Software
Reference Type Foundry	Reference Type Foundry
2007 Reserves.	Reserves
Resident Foundry	Resident Foundry
Ressearcher	Ressearcher
Retroblaster	Retroblaster
Rhode Island Soft Systems	Rhode Island Soft Systems
Richard Beatty Designs	Richard Beatty Designs
Ricoh	Ricoh
Ridgemont Studios	Ridgemont Studios
Ring Zero Systems	Ring Zero Systems
RipeType	RipeType
Risen Realm Studios	Risen Realm Studios
RIVER CITY GRAPHIX	River City Graphix
Rivers Edge Corp	Rivers Edge Corporation
Ri??erside Caf?	Riverside Cafe
ri?erside caf?	Riverside Cafe
Rix Foundry	Rix Foundry
RMU Typedesign	RMU Typedesign
RnF Entertainment	RnF Entertainment
RoadRunner Computing	Road Runner Computing
RoastHorse Type Foundry	Roast Horse Type Foundry
Robert Arnow Design	Robert Arnow Design
Robotic Attack Fonts	Robotic Attack Fonts
rocholl projects	Rocholl Projects
Cavazos Design	Rodrigo Xavier Cavazos Design
rokus media	Rokus Media
ROMP Software	ROMP Software Group
RONPS@AOL.COM	Ronps@AOL.Com
Rosemary Sassoon	Rosemary Sassoon
Rotary Club of Damansara	Rotary Club of Damansara
Rothstein Design	Rothstein Design
RotoDesign	Roto Design
Rotograf	Rotograf
RotorType	Rotor Type
roulettestudios	Roulette Studios
Rowan Software	Rowan Software
Royal National Institute for the Blind	Royal National Institute For The Blind
Royaltech Fonts	Royal Tech Design
RoyalTech Design	Royal Tech Design
#RS Design	RS Design
by RS Design	RS Design
Rubicon Computer Labs	Rubicon Computer Labs
RudynFluffy	Rudyn Fluffy Entertainment
Rumburaks Softwarestuebchen	Rumburaks Softwarestuebchen
rush font project	Rush Font Project
RustBelt Type Foundry	Rust Belt Type Foundry
RXC Design	RXC Design
S.Hauser Font Lab	S Hauser Font Labs
Sabina Ltd	Sabina Ltd
Sacred Nipple	Sacred Nipple Fonts
SacredNipple	Sacred Nipple Fonts
Sadalmelik Fontorium	Sadalmelik Fontorium
Safineh Co	Safineh Co
SAKHR Software	SAKHR Software
by Samsung	Samsung
Samuelstype Design	Samuelstype Design AB
SandollTypeBank	SandollTypeBank
Sane Technology	Sane Technology
Sanguine Productions	Sanguine Productions
SANRIOWAVE CO	Sanriowave Co
SANS1 Studios	SANS1 Studios
Sanskrit Diacritic Typefaces	Sanskrit Diacritic Typefaces
SaraArts	SaraArts
SaralSoft	Saral Soft
Sargoo	Sargoo
Sasa Petricic	Sasa Petricic
Sasurivibs	Sasurivibs
Satwinder Sehmi	Satwinder Sehmi
ScanDer Ltd	ScanDer Ltd
ScanJam Design Company	ScanJam Design Company
Scanmasters Revenge	Scanmasters Revenge
ScanMos Electronic	ScanMos Electronic
ScanVec Co	ScanVec Co
ScenoGrafica	Sceno Grafica Software
Schizotype	Schizotype
Scholars Press	Scholars Press
Anton Scholtz	Scholtz Fonts
Scholtz Fonts	Scholtz Fonts
ScholtzFonts	Scholtz Fonts
www.schudio.co.uk	schudio
Christian Schwartz	Schwartzco
Scooter Graphics	Scooter Graphics
Scorpio	Scorpio
Scrowleyfonts	Scrowleyfonts
ScrapBook	Scrap Book
Scrapangels	Scrapangels
Scrapnfonts	Scrapnfonts
scrappinfun font	Scrappin Fun Fonts
Scraps Ahoy	Scraps Ahoy
scrapsahoy	Scraps Ahoy
scrapsahy	Scraps Ahoy
ScrapVillage	ScrapVillage
Screaming Fonts	Screaming Fonts
Screen Point	Screen Point
scripps college	Scripps College
Dave Nalle	Scriptorium Fonts
David F. Nalle	Scriptorium Fonts
David Nalle	Scriptorium Fonts
Scriptorium	Scriptorium Fonts
www.fontcraft.com	Scriptorium Fonts
rzy/SD	SD Fonts
SDFonts	SD Fonts
Seagull Scientific Systems	Seagull Scientific Systems
Searay's Ruins	Searay's Ruins
Second Effort Graphics	Second Effort Graphics
Sedsoft	Sedsoft
Seema Consulting	Seema Consulting
(C) SEGA	Sega Enterprises
sega enterprises	Sega Enterprises
SeguraSmith Foundry	Segura Smith Foundry
Sehga Soft	Sehga Soft
sei project	Sei Project
SEIKO EPSON CORP	Seiko Epson Corp
SelfBuild Type Foundry	Selfbuild Type Foundry
Selphie.Org	Selphie.Org
Selphie. Org	Selphie.Org
Semata	Semata
Senamirmir Project	Senamirmir Project
Senjudo	Senjudo
sentfactor	Sentfactor ltd
Sentinel Type	Sentinel Type
Seoul System Co	Seoul Systems
SEOUL SYSTEMS	Seoul Systems
Serendipity Fonts	Serendipity Fonts
Set City	Set City
? 200? SFG	SFG Turkish
SGCF	SGCF
SGM Designs	SGM Designs
ght ? AGT	SGT
ShadowyMist	Shadowy Mist
SHAKAGRAPHICS	Shaka Graphics
ShameOnMeRock	Shame On Me Rock
Shamrock	Shamrock International
Sharif FarsiWeb	Sharif FarsiWeb
SharkShock Fonts	Shark Shock Fonts
SharkShock Productions	Shark Shock Productions
#Sharp	Sharp
Sharp Corporation	Sharp Corporation
SHIMSHON, YERUSHALEIM	Shimson
Nick Shinn	Shinn Type Foundry
Shinn Type Foundry	Shinn Type Foundry
shiseido diamonds	Shiseido Diamonds Corporation
SHK. Dezign	SHK Dezign
SHKDezign	SHK Dezign
Shmuel Guttman	Shmuel Guttman
Shonen Fonts	Shonen Fonts
Show Studio	Show Studio
ShweBontha Software	ShweBontha Software
SF Fonts Freebie	ShyFonts Type Foundry
ShyFonts Type Foundry	ShyFonts Type Foundry
ShyFoundry	ShyFonts Type Foundry
ShyWedge	ShyFonts Type Foundry
welcome.to/ShyFonts	ShyFonts Type Foundry
Sibelius Software	Sibelius Software
Sibsystems	Sibsystems
#Siemens	Siemens
siemens ag	Siemens AG
Sigler Design	Sigler Design
Sigler Music Fonts	Sigler Music Fonts
Dave Simpson	Sign DNA
Sign DNA	Sign DNA
Signature Software	Signature Software
Signus	Signus
(c) SIL	SIL Open Font
SIL Open	SIL Open Font
SIL OFL	SIL Open Font
SIL International	SIL Open Font
Silicon Press	Silicon Press
Silver Graphics	Silver Graphics
Silver Mountain Software	Silver Mountain Software
Simoncini	Simoncini	# Adobe
sinasoft co	Sinasoft
Sinergialab	Sinergia Lab
SinisterFonts	Sinister Fonts
SinisterVisions	Sinister Visions
(SIPA)	SIPA Thailand
sir speedy	Sir Speedy
SirSpeedy3000	Sir Speedy 3000
Sir Speedy of Clovis	Sir Speedy of Clovis
Siva Photo	Siva Photo
SKANDATA Corporation	Skandata Corporation
Skeldale House	Skeldale House Treasures
Skene Design	Skene Design
SkyHaven	SkyHaven
Sludge Puppy Type	Sludge Puppy Type
Smart Software	Smart Software
Smeltery	Smeltery Fonts
SMG Design	SMG Design
Smile S??udio	Smile Studio
Smile Studio	Smile Studio
Smith & Milton	Smith & Milton
SML Designs	SML Designs
smogdog	SmogDog
Smoking Drum	Smoking Drum
SnailFonts	Snail Fonts
Snap! Fonts	Snap Fonts
SnatchSoft	SnatchSoft
Society of Cartographers	Society of Cartographers
Society of Typographic Aficionados	Society of Typographic Aficionados
Soe Pyne	Soe Pyne
SoftCom	Soft Com
Soft Horizons	Soft Horizons
Soft Plus	Soft Plus
SoftUnion	Soft Union
SoftView Computers	Soft View Computers
Softdisk Publishing	Softdisk Publishing
SoftDream	SoftDream Co
SoftKey	SoftKey
SoftKey International	SoftKey International
SoftKey Multimedia	SoftKey International
SoftKey Software Products	SoftKey Software Products
softmaker	SoftMaker Software
SOFTVIEW	Softview
Software Complement	Software Complement
Software Friends	Software Friends
SokraType	Sokra Type
Solar?Sister	Solar Sister Fonts
Solfonts	Solfonts
Solotech Design	Solotech Design
SoloType	SoloType
solpera academy	Solpera Academy
Solveware	Solveware
Soma Press	Soma Press
s o m a k   s o f t w a r e	Somak Software
SONOKI	Sonoki
Sony Computer Entertaiment	Sony Computer Entertaiment
sony corp	Sony Corp
by Soolid	Soolid comunicazione
Soolid comunicazione	Soolid comunicazione
Sooy Type Foundry	Sooy Type Foundry
Sorcererskitchen	Sorcerers Kitchen
Sorkin Type Co	Sorkin Type Co
Sotsu Agency	Sotsu Agency
Sound of Print	Sound Of Print
soundesign	Soundesign
Soupasith Bouahom	Soupasith Bouahom
sourcenet	Sourcenet
Southern Softeware	Southern Software
Southern Software	Southern Software
Space Station	Space Station
SpaceBug 32 Unlimited	SpaceBug 32 Unlimited
SpadeFonts	Spade Fonts
#Spark	Spark
SPC Online	SPC Online
Spectrum Designs	Spectrum Designs
Spiece Graphics	Spiece Graphics
Splash	Splash
Spork Thug Typography	Spork Thug Typography
Sports Interactive	Sports Interactive
Spring System	Spring System
SPSL	SPSL
SPSS Inc	SPSS Inc
SquaresVille	SquaresVille
SRB-Powers	SRB Powers
SRH?miu	SRH
SRY Enterprises	SRY Enterprises
S. S. Studio	SS Studio
St Rachan Typeworks	St Rachan Typeworks
Stampin' Up	Stampin' Up
"STAR, ebc"	Star
Star Division	Star Division
Star Retrieval Systems	Star Retrieval Systems
Starboifonts	Starboi Fonts
Starving?4?Entertainment	Starving 4 Entertainment
STATIC DISPLAY	Static Display
Static Type Foundry	Static Type Foundry
Statica Productions	Statica Productions
STC Practik	STC Practik
Steepler Ltd	Steepler Ltd
STEMM Productions	STEMM Productions
Stephenson Blake Holdings	Stephenson Blake Holdings
StereoType	StereoType
Stereotypes.de	Stereotypes.de
Sterling Court Publishing	Sterling Court Publishing
STF Services Corporation	STF Services Corporation
StickFonts	Stick Fonts
StickFonts	StickFonts
Still Ill Productions	Still Ill Productions
StimulEye Fonts	StimulEye Fonts
by stip	Stip
Stock Graphics	Stock Graphics
stone co	Stone Co
Stone Type Foundry	Stone Type Foundry
Stoney Billy	Stoney Billy
(c)???stf	Storm Type Foundry
(c)?stf	Storm Type Foundry
StormType	Storm Type Foundry
1.01  Stowaway	Stowaway
StreetWise Software	Street Wise Software
StretWise Software	Street Wise Software
© StuArt	StuArt Fonts
Stuart. 20??	StuArt Fonts
Studio?Bob	Studio Bob
Studiocharlie	Studio Charlie
Studio Dumbar	Studio Dumbar
Studio Kmzero	Studio Kmzero
Studio OKNO	Studio Okno
StudioROP	Studio ROP
Studio Sans-1	Studio Sans 1
Studio Unger	Studio Unger
stupid Osaka	Stupid Osaka
Sturmkatze Produktions	Sturmkatze Produktions
Style-7	Style-7
Stylus Digital Typography	Stylus Digital Typography
Stylus Lettering & Typography	Stylus Lettering & Typography
Sub Communications	Sub Communications
SUB010	SUB010
subatomicglue	SubAtomicGlue
Subtitude	Subtitude Foundry
SubType Foundry	SubType Foundry
Sucharaka Paradise	Sucharaka Paradise
Suck Poo Gravy	Suck Poo Gravy
SudTipos	Sudtipos
Suitcase Type	Suitcase Type Foundry
Tomas Brousil	Suitcase Type Foundry
Summer Institute of Linguistics	Summer Institute of Linguistics
SummerNytz	Summer Nytz
summit infotech	Summit Infotech
Summit	Summitsoft Corp
SunDesign	Sun Design
Sun MicroSystems	Sun Micro Systems
SunMoon Font	SunMoon Font
SunWalk	SunWalk FontWorks
Suomi Type Foundry	Suomi Type Foundry
SuperFunk	Super Funk
Superfluous Type	Superfluous Type
Superlooper	Superlooper
SuperSoft	SuperSoft
Supra Soft	Supra Soft
Surface Design Group	Surface Design Group
Surface Type	Surface Type
Suvi Information Systems	Suvi Information Systems
Swamp Design	Swamp Design
Swat Kat	Swat Kat
Swathanthra Malayalam Computing	Swathanthra Malayalam Computing
SwearBoy	SwearBoy
Darcy Baldwin	Sweet Shoppe Designs
SWF Extract	SWF Extract
Swfte Interntational	SWFTE International
SWFTE International	SWFTE International
Swordfish Design	Swordfish Design
Swordfish Type	Swordfish Type Factory
SOCOG	Sydney Organising Committee
Sydney 2000 Olympic Games	Sydney Organising Committee
Sydney Organising Committee	Sydney Organising Committee
Sylvestre Studios	Sylvestre Studios
Synergie	Synergie
Synergistic Designs	Synergistic Designs
Don Synstelien	Synstelien Designs
Synstelien Designs	Synstelien Designs
SynthesisSoft	Synthesis Soft
Syriac Computing Institute	Syriac Computing Institute
Syriac Institute	Syriac Institute
SystaGrowth	Systa Growth
System Designers	Systems Designers Group
Systems Designers Group	Systems Designers Group
?T26?	T-26
?T-26?	T-26
1110 N. Milwaukee	T-26
Anuthin Wongsunkakon	T-26
Bill Dawson	T-26
Frank Heine	T-26
Jakob Straub	T-26
Jim Marcus	T-26
Luiz Da Lomba	T-26
Matius Gerardo Grieck	T-26
Peter Bruhn	T-26
T ?26]	T-26
t26.com	T-26
Tomi Haaparanta	T-26
Tsuyoshi Nakazako	T-26
tabertype	Taber Type
Tabone Computer Centre	Tabone Computer Centre
Tack-O-Rama	Tack O Rama
TAE Systems	TAE Systems
TagTeamType	Tag Team Type
Tail Spin Studio	Tail Spin Studio
Taishi Yokoyama	Taishi Yokoyama
Takasakiyama Font House	Takasakiyama Font House
Tama?Factory	Tama Factory
TamaFactory	Tama Factory
Azhagi	Tamil Fonts
Kalaimani	Tamil Fonts
Thukaram Gopalrao	Tamil Fonts
TarmSaft	TarmSaft Font Factory
tatsdesign	Tats Design
TattooFont3D	TattooFont3D
tavistock type	Tavistock Type
TazThemes	Taz Themes
tcvn-5712	TCVN 5712
TeA Calcium	TeA Calcium
Teabeer Studios	Teabeer Studios
Team Dalmatian Design	Team Dalmatian Design
TeamAXis Corp	TeamAXis Corp
Technical Corp	Technical Corp
TechnoFace Digital	TechnoFace Digital
TechnoTrend AG	TechnoTrend AG
TeGe Type	TeGe Type
Teknia Software	Teknia Software
Telemark Software	Telemark Software
Telenor	Telenor
Temperament Form	Temperament Form
Tepid Monkey	Tepid Monkey
Terminal Design	Terminal Design
terranova estaleiro tipografico	Terranova
200? TERRITORY	Territory
Teslefantic	Teslefantic
Test Pilot	Test Pilot
tetsuo organic	Tetsuo Organic
TeX fonts	TeX Users Groups
TeX USERS GROUPS	TeX Users Groups
Texas Instruments	Texas Instruments
Textaxis	Textaxis
Thai Electronic Publishing	Thai Electronic Publishing
Thi Fonts	Thai Fonts
2547_	Thai Fonts
2548_	Thai Fonts
iannnnn	Thai Fonts
Numchoke Sinmongkolraksa	Thai Fonts
tusstore	Thai Fonts
thaifont.tk	thaifont.tk
The1	The 1
The Aaron Group	The Aaron Group
the.bend	the bend
TheChase	The Chase
The Entente	The Entente
the Font Company	The Font Company
Copyright 199? The FontMaker	The FontMaker
Copyright 200? The FontMaker	The FontMaker
Fontry	The Fontry
(c) The Foundry	The Foundry
(the foundry)	The Foundry
199? The Foundry	The Foundry
by The Foundry	The Foundry
copyright the foundry	The Foundry
"the foundry, london"	The Foundry
The Girl Who Cried Type	The Girl Who Cried Type
Thinkdust	Thinkdust
Third Entertainment	Third Entertainment
copyright thirst	Thirst
trademark of thirst	Thirst
Thirstype	Thirstype
This Is My Town	This Is My Town
This Is Typography	This Is Typography
Thomasso Corporation	Thomasso Corporation
Three Islands Press	Three Islands Press
(c) TMI	Three Mile Island
Three Mile Island	Three Mile Island
Three Steps Ahead	Three Steps Ahead
Thud's Cave Art	Thud's Cave Art
tkwhimsy	THWhimsy
Tibetan Computer Resource Centre	Tibetan Computer Resource Centre
Tilde Limited	Tilde Limited
Tilde Ltd	Tilde Limited
Tilde Press	Tilde Press
Tim Rolands Digital Typography	Tim Rolands Digital Typography
Timberwolf Type	Timberwolf Type
Tinypole-Heaven	Tinypole Heaven
Tipop?tamo Fontes	Tipopotamo Fontes
Tiro TypeWorks	Tiro TypeWorks
Titivillus Foundry	Titivillus Foundry
Title Wave	Title Wave
TL-Type	TL Type
tmcomputer	TM Computer
Copyright (c) TMI	TMI
TOKO+ALL	TOKO
TombSweetTomb	Tomb Sweet Tomb
Tomcat Type	Tomcat Type
Tonalcase	Tonalcase
TooCool Fonts	Too Cool Fonts
Tooraj Enayati	Tooraj Enayati
TopWare	Top Ware
Total Distortion Type	Total Distortion Type
Totem t.f.	Totem Design
T-O-T's	T-O-T's
Tour De Force	Tour De Force
Rob Dobi	Toxic Type
Toxic Type	Toxic Type
TrFonts	TR Fonts
trace foundation	Trace Foundation
TracerTong	Tracer Tong
Trafik	Trafik Police
#TransType	Trans Type	a program
TRANSCONSULTING	TransConsulting
Translation Experts	Translation Experts
tre bomb nation	Tre Bomb Nation Font Archive
tfi. all world	Treacyfaces Inc
Joseph Treacy	Treacyfaces Inc
Treacyfaces	Treacyfaces Inc
TreeHouse Graphic	TreeHouse Graphic Design
Tribeca Interactive	Tribeca Interactive
TriChlor	Trichlor Group
#viscii fonts	TriChlor Software
Trident Software	Trident Software
Troll	Troll
TRUCK FONT	Truck Fonts
trueblue	TrueBlue
truetex.com	TrueTeX Software
t-type	t-type
TungFont	Tung Font Soft
TurnTable Media	Turn Table Media
Twentieth Century Fox	Twentieth Century Fox
TwinBridge Software	Twin Bridge Software
Twisted Space	Twisted Space
TwistedType	Twisted Type
Twisty	Twisty
TwitterBug Lane	TwitterBug Lane Fonts
Twobees	Two Bees
Two Moon	Two Moon
TwoMoon	Two Moon
2peas	Two Peas
Two Peas	Two Peas
TwoPeasInABucket	Two Peas
TYGRA	TYGRA
Typadelic	Typadelic
Type Associates	Type Associates
TYPEfetish	Type Fetish
Type fonts and son	Type Fonts And Son
Type Innovations	Type Innovations
Type-labo Corporation	Type Labo Corporation
Type Pirate	Type Pirate
Type-Ranger	Type Ranger
Type Revivals	Type Revivals
Type Solutions	Type Solutions
Typetogether	Type Together
type-together	Type Together
Type4	Type4
Typeart	Typeart Foundry
Typebox	Typebox
Typecaste	Typecaste
typedepot	typedepot Inc
typedepot Inc	typedepot Inc
Typefab	Typefab
Typefolio Digital Foundry	Typefolio Digital Foundry
TypeHaus	TypeHaus
Typejockeys	Typejockeys
Type Market	TypeMarket
TypeMarket	TypeMarket
typeology.com	typeology.com
Type ?? ?Tones	Type-O-Tones
Type???Tones	Type-O-Tones
Type-?S-Tones	Type-O-Tones
type-\257-tones	Type-O-Tones
type--tones	Type-O-Tones
TypePhases	TypePhases
typerbole	typerbole
Typerware	Typerware
Types'R'Us	Types 'R' Us
Typesenses	Typesenses
Typesettra	Typesettra	# Adobe
typeshack	Typeshack
TypeShop	TypeShop
TypeType	TypeType
Typeworx	Typeworx
TypIck	Typick
typo5.com	Typo5.com
TypOasis	TypOasis
Typodermic	Typodermic
Typografski	Typografski
Typographer Mediengestalter	Typographer Mediengestaltung
Typographer Mediengestaltung	Typographer Mediengestaltung
Typographer Mediengstaltung	Typographer Mediengestaltung
TypographerMediengestaltung	Typographer Mediengestaltung
Typographrer Mediengestaltung	Typographer Mediengestaltung
Typygrapher Mediengestaltung	Typographer Mediengestaltung
typography.jp	Typography JP
TypoLogic	TypoLogic
typopathetical	Typopathetical
TypoPhage	TypoPhage
Typosition	Typosition
Typotheque	Typotheque
Typothetical	Typothetical
U.O.R.G.	U.O.R.G.
Ubisoft Entertainment	Ubisoft Entertainment
Uddi Uddi	Uddi Uddi
uddiuddi	Uddi Uddi
udduddi	Uddi Uddi
UG Solutions	UG Solutions
Ugly Fonts	Ugly Fonts
Ultra Vertex	Ultra Vertex
ua type	UnAuthorized Type
UnAuthorized Type	UnAuthorized Type
UNC Chapel Hill	UNC Chapel Hill
Uncle Dave's Oakstand Enterprises	Uncle Dave's Oakstand Enterprises
UnderWare	UnderWare
Unibrain S.A.	Unibrain S.A.
Union Type Supply	Union Type Supply
Unionway International	Unionway International
United Parcel Service	United Parcel Service
Unity Progress	Unity Progress
unifonts.com	Unitype International
Unitype	Unitype International
University of Leeds	University of Leeds
uknown soldier	Unknown Soldier
unknown soldier	Unknown Soldier
Unrender.com	Unrender
Unternehmensberatunge	Unternehmensberatunge
UpGrade Systems	UpGrade Systems
Urban Tee	Urban Tee
UrbanPixel	UrbanPixel
URDT	URDT
Urdu Web	Urdu Web
Ururu	Ururu
\050urw	URW
tradename of urw	URW
(URW)++	URW
by urw	URW
Data ? 199? URW	URW
from URW	URW
URW & SoftMaker	URW
URW Software	URW
URW T1 MAC Font	URW
URW Unternehmensberatunge	URW
URW++	URW
? 1998 UTOPIA	UtopiaFonts
UtopiaFonts	UtopiaFonts
Utrecht Univ	Utrecht University
Uyghur Computer Science	Uyghur Computer Science Assoc
UYUM M?HENDiSLiK	Uyum Muhendislik
VFive	V Five
Valve Corporation	Valve Corporation
VANAVIL SOFTWARE	Vanavil Software
Vance'z Front Page	Vancez Front Page
On The Fluid	Vandal on the Fluid
VANGUARD MEDIA	Vanguard Media
Vapour Trail	Vapour Trail
Vasava ArtWorks	Vasava ArtWorks
VASAVA FONTS	Vasava ArtWorks
vega software	Vega Software
V?gverket	Vegverket
Venting Out Graphics	Venting Out Graphics
Ventingoutgraphics	Venting Out Graphics
Verbum AB	Verbum AB	# adobe
Veredgf	Veredgf
Veronika Grnger	Veronika Grnger
Versus Twin	Versus Twin
VersusTwin	Versus Twin
VESTURB?R FONTS	Vesturbaer Fonts
ViaCom	ViaCom
Victory Type	Victory Type
Vietkey Group	Vietkey Group
VietNet Internet Software	VietNet Internet Software
Vigilante TypeFace	Vigilante TypeFace
Village Incubator	Village Incubator
Village Type	Village Type & Design
Vintage Type	Vintage Type
vinterstille	Vinterstille
Virgiliu Pop	Virgiliu Pop
Virus	Virus
Subtle Studios	Visage Type
Visage Type	Visage Type
VISCII	VISCII
viscom group	Viscom Group
Vision Group	Vision Group
Vision Studio	Vision Studio
Vissol Ltd	Vissol Ltd
Visual Graphics Corporation	Visual Graphics Corporation	# adobe
visual pollution	Visual Pollution
Visual Stimulus	Visual Stimulus
VISUAL SYSTEMS	Visual Systems
Visualogik	Visualogik
Vita BBS	Vita Bbs
VkM78	VKM78
VM Studio	VM Studio Design
vn-fonts group	VN Fonts Group
VNLabs	VN Labs
VNI	VNI Software
volcano type	Volcano Type
volker schnebel	Volker Schnebel
VOLKSWAGEN	Volkswagen
VOLVO	Volvo
Vortex Studios	Vortex Studios
Voyetra Technologies	Voyetra Technologies
VPS Font	VPS Fonts
Wa2ise	Wa2ise
waap designs	WAAP Designs
Wada Laboratory	Wada Laboratory
Walden Font	Walden Font
Disney	Walt Disney Company
WantedFonts	Wanted Fonts
Ward Technologies	Ward Technologies
Warehouse Type Foundry	Warehouse Type Foundry
Warner Bros. Records	Warner Brothers Records
Warner Brothers Records	Warner Brothers Records
Watchtower	Watchtower Bible and Tract Society
WazzWare Productions	WazzWare Productions
WC Fonts	WC Fonts
Weasel Boxing Company	Weasel Boxing Company
W.S.I.	Weatherly Systems
Weatherly Systems	Weatherly Systems
WSI ?FONT Collection	Weatherly Systems
WSI ?Fonts Collection	Weatherly Systems
WSI-Font	Weatherly Systems
WebDog	Web Dog
Web Elegance	Web Elegance
WebFoot	Web Foot
Web Of Dreams	Web Of Dreams
WednesdayLove	Wednesday Love
Weedhopper Press	Weedhopper Press
Weight Lessness Graphics	Weight Lessness Graphics
Weird Science	Weird Science
Weleda AG	Weleda AG
WenQuanYi Board	WenQuanYi Project
West Wind Fonts	West Wind Fonts
WetWired Fonts	Wet Wired Fonts
WhatKnot	What Knot
WhipperSnapperDesigns	Whipper Snapper Designs
White Dog Communication	White Dog Communication
White Wolf	White Wolf Game Studio
WhiteWolf	White Wolf Game Studio
Whiteshell	Whiteshell
~whoami	Who Am I Design
WhoAmI	Who Am I Design
www.btinternet.com/~whoami	Who Am I Design
www.whoamidesign.freeserve	Who Am I Design
whole foods market	Whole Foods Market
WickHop	WickHop
WidgetsWorld	Widgets World
Wiescher-Design	Wiescher Design
will-software	Will Software
Will Strain Design	Will Strain Design
Wilton Foundry	Wilton Foundry
WinMyanmar Systems	Win Myanmar Systems
Winacc	Winacc
Wind-Up Records	Wind Up Records
WiniFontMagic	WiniFont Magic
WinSoft	WinSoft International
WizardWorks	Wizard Works
Wizards of the Coast	Wizards Of The Coast
WOBBLY	Wobbly
1999 WOF	WOF
WolfBainX	WolfBainX
Wolfram Research	Wolfram Research
Bearded, LP	Wood Type Revival
Wooden Type	Wooden Type
WoodenType	Wooden Type
Woodscrew	Woodscrew
Woodsloke Fonts	Woodsloke Fonts
Woodsmith Software	Woodsmith Software
wopi.art.pl	Wopi Art
Word of Fonts	Word of Fonts
WordPerfect	WordPerfect Corporation
WordStar International	WordStar International
Wordstream Inc	Wordstream Inc
World Typeface Center	World Typeface Center	# Adobe
The Wright Group	Wright Group
wundes.com	Wundes Foundry
Wundes Foundry	Wundes Foundry
Wunn?Way Software	Wunn Way Software
WUNN-WUNN Software	Wunn Way Software
WYSIWYG Corporation	WYSIWYG Corporation
X Consortium	X Consortium
X XXXX Bassett	X XXXX Bassett
Xara Studio	Xara Studio
Xaviera Comics	Xaviera Comics
Xentronix	Xentronix
Xerotype	Xero Type
xero-type	Xero Type
Xerox	Xerox
XG-Fonts	XG Fonts
Ximplex Corporation	Ximplex Corporation
XRMX Software Solutions	XRMX Software Solutions
X-Space Design Font	X-Space Design Font
XTrem-Fontz	XTrem Fontz
y&y	Y & Y
Yagi Design Room	Yagi Design Room
YangJae Media	YangJae Media
YankoSoft	YankoSoft
Yellow Design Studio	Yellow Design Studio
Yellow Warbler Productions	Yellow Warbler Productions
Yikes Productions	Yikes Productions
Yikes! Productions	Yikes Productions
YLD001	YLD001
YOFon??s	YO Fonts
YOFonts	YO Fonts
Yo-yo Rarandays	Yo Yo Rarandays
yoon design	Yoon Design
YoonDesign	Yoon Design
YouWorkForThem	You Work For Them
www.yourfonts.com	YourFonts
Zang??O??Fonts	Zang O Fonts
Zang?O?Fonts	Zang O Fonts
zemi netudu Inc	Zemi Netudu Inc
Zeon Corporation	Zeon Corporation
Zeptonn	Zeptonn
ZeroStyle Type Design	Zero Style Type Design
ZetaFonts	Zeta Fonts
Zetuei Fonts	Zetuei Fonts
Zher Graffiti Productions	Zher Graffiti Productions
Zhongyi Electronic	Zhongyi Electronic
Zitfonts	Zitfonts
Zogoz Design	Zogoz Design
Zone Erog?ne	Zone Erogene
Zone23	Zone23
Zook Copr	Zook Copr
Zowie Fonts	Zowie Fonts
Zowie! Originals	Zowie Fonts
ZSF SoftFont Studio	ZSF SoftFont Studio
ZSoft Corporation	Zsoft Corporation
